driver_no,family_id,license_no,driver_name,driver_type,age,birthday,effective_date,status
01,FAM000273,TMQP982TA,William Lee,adult,31,1987-12-05,2018-01-01,active
01,FAM000345,FMQW502KK,Sarah Taylor,adult,25,1993-07-01,2018-01-01,active
01,FAM000857,MVJM410GM,David Wilson,adult,36,1982-06-04,2018-01-01,active
01,FAM001096,TAIZ920BL,William Miller,adult,42,1976-06-27,2018-01-01,active
01,FAM000033,PJSK742ET,Sandra Wilson,adult,36,1982-05-05,2018-01-02,active
01,FAM000083,LRLO049BW,Matthew Clark,adult,30,1988-12-19,2018-01-02,active
01,FAM000382,OXFY406YT,Matthew Taylor,adult,46,1972-02-15,2018-01-02,active
01,FAM000524,QKIT499OK,Sarah Smith,adult,59,1959-06-05,2018-01-02,active
01,FAM000082,FTCD079IJ,Jessica Gonzalez,adult,55,1963-12-28,2018-01-03,active
01,FAM000311,BUCQ252VQ,Mark Garcia,adult,56,1962-11-07,2018-01-03,active
01,FAM000468,EBQU530FF,Nicole Garcia,adult,40,1978-09-23,2018-01-03,active
01,FAM000836,KNJM850QE,Sandra Williams,adult,48,1970-11-14,2018-01-03,active
01,FAM000972,BIOA253IA,Matthew Martinez,adult,50,1968-10-14,2018-01-03,active
01,FAM000095,AXYK387NA,Nicole Jackson,adult,43,1975-01-15,2018-01-04,active
01,FAM000142,KLMQ790SS,Amanda Williams,adult,34,1984-05-12,2018-01-04,active
01,FAM001014,MUQB876OL,Dorothy Martinez,adult,65,1953-06-14,2018-01-04,active
01,FAM000100,WQVO182EN,Helen Martin,adult,58,1960-02-02,2018-01-05,active
01,FAM000197,JEGE327UL,Matthew Perez,adult,56,1962-09-21,2018-01-05,active
01,FAM000829,JEKB819OD,Betty Thomas,adult,58,1960-03-28,2018-01-05,active
01,FAM000890,JIVV124CN,Ashley Thompson,adult,47,1971-12-12,2018-01-05,active
01,FAM000984,PPAH790HJ,Michael White,adult,40,1978-03-16,2018-01-05,active
01,FAM000478,MISE342JA,Amanda Moore,adult,63,1955-08-09,2018-01-06,active
01,FAM000665,UKMD991UB,Sarah Lee,adult,41,1977-07-16,2018-01-06,active
01,FAM000070,TZEX622ZD,Donald Lopez,adult,38,1980-01-07,2018-01-07,active
01,FAM000148,OPBX553NI,Lisa Thomas,adult,62,1956-12-26,2018-01-07,active
01,FAM000236,TZYE306MZ,Daniel Williams,adult,35,1983-12-21,2018-01-07,active
01,FAM000312,AZMH909OD,Steven Gonzalez,adult,44,1974-12-14,2018-01-08,active
01,FAM000374,NYHS289FM,Mark Lee,adult,28,1990-06-01,2018-01-08,active
01,FAM000497,GPYO903PW,Robert Thompson,adult,57,1961-09-19,2018-01-08,active
01,FAM000674,LZRE729MY,Amanda Miller,adult,32,1986-07-04,2018-01-08,active
01,FAM000865,ABEB126NM,Paul Perez,adult,38,1980-06-21,2018-01-08,active
01,FAM000025,PXMU225UF,Daniel Davis,adult,29,1989-06-03,2018-01-09,active
01,FAM000401,TPMA756FL,Jane Perez,adult,64,1954-12-12,2018-01-09,active
01,FAM000912,YQVM240WQ,James Hernandez,adult,63,1955-04-13,2018-01-09,active
01,FAM001009,IIGF556LD,Betty Harris,adult,31,1987-12-13,2018-01-09,active
01,FAM000030,LUXY488KE,Betty Williams,adult,45,1973-09-04,2018-01-10,active
01,FAM000563,EJHW617AG,Daniel White,adult,29,1989-08-20,2018-01-10,active
01,FAM000015,OETR837DV,Daniel Sanchez,adult,47,1971-03-03,2018-01-11,active
01,FAM000651,JFYP364PK,David Rodriguez,adult,28,1990-09-15,2018-01-11,active
01,FAM000009,DMPD209BP,Robert Taylor,adult,31,1987-03-01,2018-01-12,active
01,FAM000427,EQRD336WF,Amanda Anderson,adult,54,1964-05-16,2018-01-12,active
01,FAM001101,VXCV886BY,Andrew Robinson,adult,27,1991-01-11,2018-01-12,active
01,FAM000022,KYWH851KN,Paul Thompson,adult,35,1983-10-12,2018-01-13,active
01,FAM000205,QCZY069JR,Anthony White,adult,38,1980-09-13,2018-01-13,active
01,FAM000424,ZGKQ563XN,Helen Lewis,adult,29,1989-10-14,2018-01-13,active
01,FAM000470,UNIO364QV,Nicole Ramirez,adult,25,1993-02-23,2018-01-13,active
01,FAM001068,KRBE232WE,Steven Smith,adult,37,1981-08-15,2018-01-13,active
01,FAM000586,KJYI142BI,John Garcia,adult,46,1972-10-27,2018-01-14,active
01,FAM000671,GRKG687EV,Betty Moore,adult,33,1985-01-17,2018-01-14,active
01,FAM000982,KRON716NL,Sandra Brown,adult,50,1968-06-12,2018-01-14,active
01,FAM001099,GFHJ533OO,Andrew Martin,adult,61,1957-05-09,2018-01-14,active
01,FAM000017,NHBU410DN,Helen Anderson,adult,31,1987-09-23,2018-01-15,active
01,FAM000019,SHTN903VK,Helen Hernandez,adult,51,1967-10-23,2018-01-15,active
01,FAM000708,XXQE173UB,Betty Sanchez,adult,39,1979-06-15,2018-01-15,active
01,FAM000189,IYEU489XH,James Sanchez,adult,53,1965-03-18,2018-01-16,active
01,FAM000791,CHHS688LC,Andrew Perez,adult,49,1969-03-19,2018-01-16,active
01,FAM000647,CEVK523RG,Anthony White,adult,31,1987-03-22,2018-01-17,active
01,FAM000840,TRMW337QB,Sandra Clark,adult,52,1966-07-22,2018-01-17,active
01,FAM000872,ARAW010LQ,Steven Clark,adult,30,1988-06-07,2018-01-17,active
01,FAM000293,ZAGM342SC,Matthew Sanchez,adult,26,1992-06-08,2018-01-19,active
01,FAM000488,YZRF840SA,Dorothy Martinez,adult,32,1986-10-05,2018-01-19,active
01,FAM000508,ACSF825AW,Matthew Harris,adult,55,1963-11-03,2018-01-19,active
01,FAM000545,VNQX293NN,Steven Jones,adult,53,1965-12-26,2018-01-19,active
01,FAM000712,RPEV372SB,Dorothy Thomas,adult,52,1966-02-02,2018-01-19,active
01,FAM000059,ORVN216LZ,Amanda Moore,adult,58,1960-10-03,2018-01-20,active
01,FAM000175,COFO787YT,Michael Jackson,adult,36,1982-04-02,2018-01-20,active
01,FAM000280,DZIR958GE,Christopher Davis,adult,35,1983-11-16,2018-01-20,active
01,FAM000186,XUAT558GB,Sandra Lewis,adult,36,1982-10-25,2018-01-21,active
01,FAM000334,WFPB914ET,Betty Clark,adult,54,1964-02-01,2018-01-21,active
01,FAM000463,KXMR182BA,Anthony Ramirez,adult,55,1963-06-26,2018-01-21,active
01,FAM000743,BLCG434YP,Donald Clark,adult,54,1964-11-16,2018-01-21,active
01,FAM000119,HEEO279NC,Lisa Lopez,adult,47,1971-08-26,2018-01-22,active
01,FAM000753,FEIU547JP,Steven White,adult,32,1986-12-09,2018-01-22,active
01,FAM000177,CISA884CR,Daniel Moore,adult,65,1953-04-01,2018-01-23,active
01,FAM000321,QFRM071KD,Amanda Sanchez,adult,34,1984-02-26,2018-01-23,active
01,FAM000511,FELJ702QK,Paul White,adult,50,1968-09-24,2018-01-23,active
01,FAM000896,EBGJ046DS,Betty Lewis,adult,42,1976-07-13,2018-01-23,active
01,FAM001004,ZOUC858QF,David White,adult,62,1956-06-18,2018-01-23,active
01,FAM000114,MLHU616RI,Amanda Brown,adult,37,1981-04-04,2018-01-24,active
01,FAM000469,GHYJ487LE,Christopher Anderson,adult,40,1978-02-27,2018-01-24,active
01,FAM000577,FYFY280WN,Deborah White,adult,62,1956-08-22,2018-01-24,active
01,FAM000526,CAQU232LC,Mark Taylor,adult,41,1977-04-26,2018-01-25,active
01,FAM000533,WXFI933DF,Helen Harris,adult,39,1979-02-23,2018-01-25,active
01,FAM000902,FJBA857HK,Matthew Garcia,adult,64,1954-01-22,2018-01-25,active
01,FAM000916,FYMC906IW,Paul Jackson,adult,27,1991-06-22,2018-01-25,active
01,FAM000769,OSFR520MT,David Smith,adult,35,1983-10-24,2018-01-26,active
01,FAM000832,ANJT353VX,Amanda Martinez,adult,60,1958-11-09,2018-01-26,active
01,FAM000076,SOAI861SK,Nicole Hernandez,adult,31,1987-11-17,2018-01-27,active
01,FAM000133,IRIO300UR,Sandra Perez,adult,31,1987-07-06,2018-01-27,active
01,FAM000532,EMJN277ZW,Ashley Moore,adult,40,1978-02-20,2018-01-27,active
01,FAM000585,YXAG970ID,Dorothy Lewis,adult,31,1987-09-24,2018-01-27,active
01,FAM000741,QDWK672JM,Daniel Anderson,adult,52,1966-10-10,2018-01-27,active
01,FAM000087,ASEH580LX,William Sanchez,adult,26,1992-11-01,2018-01-28,active
01,FAM000204,WRCK842YX,Stephanie Wilson,adult,65,1953-11-21,2018-01-28,active
01,FAM000571,TJAN662FF,Daniel Wilson,adult,63,1955-05-15,2018-01-28,active
01,FAM000680,EMTS845LH,Paul Miller,adult,42,1976-10-26,2018-01-28,active
01,FAM000069,AMCS324GE,Betty Jones,adult,26,1992-01-22,2018-01-29,active
01,FAM000333,VUHP366LC,Robert Lee,adult,40,1978-08-28,2018-01-30,active
01,FAM000595,THZS103JN,Nicole Anderson,adult,54,1964-12-06,2018-01-30,active
01,FAM000598,FDGG145AT,Robert Hernandez,adult,57,1961-11-08,2018-01-30,active
01,FAM001088,YBNE696ML,Amanda Jones,adult,59,1959-03-23,2018-01-30,active
01,FAM000060,JTHT577ZH,Jennifer Davis,adult,32,1986-04-21,2018-01-31,active
01,FAM000115,XRUL665NQ,James Williams,adult,53,1965-01-25,2018-01-31,active
01,FAM000387,RGQJ808SE,Daniel Miller,adult,43,1975-01-22,2018-01-31,active
01,FAM000431,WGIH415YG,Steven Anderson,adult,38,1980-09-15,2018-01-31,active
01,FAM000975,LBMN408HF,Betty Lewis,adult,48,1970-04-22,2018-01-31,active
01,FAM000859,NPPG114RG,Michael Brown,adult,32,1986-01-08,2018-02-02,active
01,FAM000325,TEOV210TR,William Taylor,adult,60,1958-04-16,2018-02-03,active
01,FAM000588,JGUX529SG,Andrew Martinez,adult,34,1984-03-13,2018-02-03,active
01,FAM000282,YAUD873LH,Daniel Jones,adult,57,1961-03-25,2018-02-04,active
01,FAM000821,NUBC215CS,Jennifer Ramirez,adult,60,1958-11-12,2018-02-04,active
01,FAM001060,PLYE537LN,Helen Perez,adult,47,1971-06-27,2018-02-04,active
01,FAM000639,UEPM367HY,Mark Thompson,adult,52,1966-10-19,2018-02-05,active
01,FAM000694,EUTC156SJ,Jennifer Thompson,adult,63,1955-11-24,2018-02-05,active
01,FAM000930,ZRPO435EE,Robert Brown,adult,62,1956-06-17,2018-02-05,active
01,FAM000582,MTJG874JY,Lisa Garcia,adult,45,1973-08-18,2018-02-06,active
01,FAM000672,WJGI488KO,Helen Garcia,adult,55,1963-10-23,2018-02-06,active
01,FAM000867,UJIG713HL,James Brown,adult,27,1991-10-02,2018-02-06,active
01,FAM000756,JUIF872AH,Anthony Lee,adult,57,1961-09-20,2018-02-07,active
01,FAM000725,LLIP257PQ,John Smith,adult,43,1975-09-08,2018-02-08,active
01,FAM000176,WYWW217NY,Jennifer Clark,adult,33,1985-04-20,2018-02-09,active
01,FAM000348,AMSL596JN,Paul Hernandez,adult,30,1988-01-10,2018-02-09,active
01,FAM000366,XFGH176EK,Donald Wilson,adult,63,1955-11-06,2018-02-09,active
01,FAM000806,BOUL068BI,Steven Jones,adult,30,1988-04-02,2018-02-09,active
01,FAM000818,KWRM978OJ,Ashley Gonzalez,adult,44,1974-04-18,2018-02-09,active
01,FAM000979,IBII699SE,Jennifer Moore,adult,40,1978-08-26,2018-02-09,active
01,FAM001006,QWWU607IB,Paul Miller,adult,41,1977-09-08,2018-02-09,active
01,FAM000170,MXYM124UU,Elizabeth Hernandez,adult,62,1956-06-20,2018-02-10,active
01,FAM000253,DUVV205NZ,Lisa Smith,adult,29,1989-01-17,2018-02-10,active
01,FAM000489,OPSA367BW,Jennifer Hernandez,adult,53,1965-06-02,2018-02-10,active
01,FAM000576,DHNW105SL,Betty Sanchez,adult,64,1954-11-04,2018-02-10,active
01,FAM000164,UJMY722BL,Donald Taylor,adult,55,1963-03-22,2018-02-11,active
01,FAM000754,YALY959BV,Jane Brown,adult,58,1960-05-22,2018-02-11,active
01,FAM000780,RVHJ628WT,Dorothy Lopez,adult,27,1991-04-06,2018-02-11,active
01,FAM000120,JYRJ437DT,Daniel Thomas,adult,32,1986-11-26,2018-02-12,active
01,FAM000375,EFWL157AA,Elizabeth Perez,adult,41,1977-07-01,2018-02-12,active
01,FAM000503,QLYR940ZF,Nicole Johnson,adult,43,1975-02-20,2018-02-12,active
01,FAM000844,IJJL516PN,Deborah Lewis,adult,33,1985-03-09,2018-02-12,active
01,FAM000376,VTLP213IH,Helen Thomas,adult,39,1979-06-13,2018-02-13,active
01,FAM000452,RJNM402QM,Steven Clark,adult,49,1969-12-01,2018-02-13,active
01,FAM000621,ZTRF368ZL,Daniel Smith,adult,55,1963-11-11,2018-02-13,active
01,FAM000172,FRJJ317DR,James Williams,adult,39,1979-04-27,2018-02-14,active
01,FAM000695,DZQX525EL,John Clark,adult,41,1977-03-09,2018-02-15,active
01,FAM000697,PGYC277LK,Jessica Perez,adult,61,1957-01-22,2018-02-15,active
01,FAM000129,YSBB487PF,Daniel Rodriguez,adult,60,1958-08-15,2018-02-16,active
01,FAM000338,NGJJ954MK,Sandra Garcia,adult,30,1988-06-19,2018-02-16,active
01,FAM000721,NBOE796DU,David Lewis,adult,36,1982-08-14,2018-02-16,active
01,FAM000629,TGMN733IV,Ashley Martin,adult,27,1991-07-07,2018-02-17,active
01,FAM000640,HXXF574SG,Michael Davis,adult,34,1984-02-09,2018-02-17,active
01,FAM000716,NOAY720JO,Sandra Brown,adult,30,1988-03-15,2018-02-17,active
01,FAM001071,JGBO306BK,Robert Ramirez,adult,47,1971-01-18,2018-02-17,active
01,FAM000461,HKIP142AN,Jane Lopez,adult,35,1983-05-27,2018-02-18,active
01,FAM000610,COXD767GZ,Christopher Jones,adult,58,1960-02-02,2018-02-19,active
01,FAM000442,FKTO640SK,James Sanchez,adult,42,1976-04-24,2018-02-20,active
01,FAM000465,YVVW287SD,Jessica Martin,adult,26,1992-07-12,2018-02-20,active
01,FAM000772,ZAYN012CG,Anthony Rodriguez,adult,42,1976-05-23,2018-02-20,active
01,FAM000843,NUEE651WI,Andrew Gonzalez,adult,51,1967-03-03,2018-02-20,active
01,FAM000969,OPXJ439LH,Mark Harris,adult,30,1988-05-26,2018-02-20,active
01,FAM000453,EROI497HH,Steven Sanchez,adult,36,1982-08-02,2018-02-21,active
01,FAM000657,AJSF240CS,Jennifer Thompson,adult,61,1957-04-12,2018-02-21,active
01,FAM000523,QWDW579VZ,Sandra Jackson,adult,60,1958-02-20,2018-02-22,active
01,FAM000814,LONW889EP,Jane Williams,adult,46,1972-04-21,2018-02-22,active
01,FAM001091,XQHG321MP,Michael Miller,adult,47,1971-07-22,2018-02-22,active
01,FAM000455,WRRC771KS,Stephanie Martinez,adult,65,1953-02-13,2018-02-23,active
01,FAM000174,IUYS146RT,James Moore,adult,65,1953-01-18,2018-02-24,active
01,FAM000696,BUPW041JK,Michael Gonzalez,adult,43,1975-02-05,2018-02-24,active
01,FAM000710,OSXO619NZ,Mark Harris,adult,31,1987-09-17,2018-02-24,active
01,FAM000515,SHSZ240VD,David Harris,adult,25,1993-02-14,2018-02-25,active
01,FAM000807,NCBX672MA,Michael Miller,adult,61,1957-03-01,2018-02-25,active
01,FAM000124,XDRJ217TD,Anthony Thomas,adult,55,1963-05-18,2018-02-26,active
01,FAM000654,SKPQ599WA,Robert Miller,adult,25,1993-04-14,2018-02-26,active
01,FAM000787,VTNI422TO,Stephanie Taylor,adult,51,1967-11-19,2018-02-26,active
01,FAM000898,OIAZ223KB,Jane Davis,adult,51,1967-05-25,2018-02-26,active
01,FAM000876,VPIC197DH,Jessica Thompson,adult,63,1955-09-12,2018-02-28,active
01,FAM000698,REYW770BQ,Jessica Lewis,adult,41,1977-12-18,2018-03-01,active
01,FAM000735,EVNJ391VI,Stephanie Sanchez,adult,32,1986-12-23,2018-03-01,active
01,FAM000798,QZBJ544CB,Helen Smith,adult,36,1982-06-26,2018-03-01,active
01,FAM000145,PTHD594EE,Mark White,adult,61,1957-04-05,2018-03-02,active
01,FAM000363,LAXY236AY,Betty Garcia,adult,30,1988-06-18,2018-03-03,active
01,FAM000869,IIVN011AL,Sandra Brown,adult,30,1988-03-09,2018-03-03,active
01,FAM000888,BNHS475BS,Mark Wilson,adult,26,1992-05-08,2018-03-03,active
01,FAM001031,SUOD717FA,Jane Perez,adult,58,1960-08-01,2018-03-03,active
01,FAM000088,CDQJ931XK,Stephanie Clark,adult,40,1978-07-11,2018-03-04,active
01,FAM000056,XUSE447LT,Jane Brown,adult,42,1976-09-07,2018-03-05,active
01,FAM000509,YJVV180BL,Elizabeth Jones,adult,29,1989-12-07,2018-03-05,active
01,FAM000521,QUTX680VE,Jessica White,adult,43,1975-02-17,2018-03-05,active
01,FAM000440,GMNR589GY,Sandra Davis,adult,46,1972-05-15,2018-03-06,active
01,FAM000897,WDLS775NS,John Robinson,adult,55,1963-02-04,2018-03-07,active
01,FAM001046,KMCR611CH,Sandra Moore,adult,65,1953-02-11,2018-03-07,active
01,FAM000001,UCCQ622VW,Anthony Rodriguez,adult,61,1957-12-11,2018-03-08,active
01,FAM000066,KISL581VL,Anthony Harris,adult,56,1962-12-09,2018-03-08,active
01,FAM000099,NYNY043VR,Jane Rodriguez,adult,43,1975-11-21,2018-03-08,active
01,FAM000317,MLVF606NB,Nicole Lopez,adult,36,1982-12-07,2018-03-08,active
01,FAM000555,DDFC791IX,Michael Jackson,adult,30,1988-04-11,2018-03-08,active
01,FAM000146,VSNL723PB,Helen Rodriguez,adult,34,1984-09-03,2018-03-09,active
01,FAM000223,YYZN941NV,James Johnson,adult,34,1984-04-28,2018-03-09,active
01,FAM000247,HIXO476UA,James Thomas,adult,55,1963-02-18,2018-03-09,active
01,FAM000389,UOBD904TG,Daniel Williams,adult,63,1955-03-23,2018-03-09,active
01,FAM000558,EWXK038LI,David Clark,adult,37,1981-12-24,2018-03-09,active
01,FAM000699,RGHL302AQ,Matthew Lee,adult,46,1972-02-26,2018-03-09,active
01,FAM000794,UAZC781WI,Ashley Martin,adult,38,1980-11-20,2018-03-09,active
01,FAM001097,QBUZ509IH,John Johnson,adult,56,1962-01-17,2018-03-09,active
01,FAM000810,HMUP976ZB,Andrew Clark,adult,56,1962-06-27,2018-03-10,active
01,FAM001017,ZTVL218MV,James Jones,adult,62,1956-06-26,2018-03-10,active
01,FAM000006,VGFY253NA,Robert Davis,adult,54,1964-07-21,2018-03-11,active
01,FAM000116,XXNR780DN,Matthew Jackson,adult,35,1983-10-02,2018-03-11,active
01,FAM000241,NOJB820CE,Jessica Lopez,adult,30,1988-03-25,2018-03-11,active
01,FAM000351,LBYT299BP,David Lee,adult,37,1981-05-20,2018-03-11,active
01,FAM000092,PCDV914RD,Robert Anderson,adult,64,1954-07-28,2018-03-12,active
01,FAM000484,BALT638ZL,Jessica Davis,adult,27,1991-09-25,2018-03-12,active
01,FAM000125,HINV936GK,Ashley Brown,adult,41,1977-01-28,2018-03-13,active
01,FAM000957,KYMW522LS,Matthew Thomas,adult,52,1966-08-20,2018-03-13,active
01,FAM000417,TLYJ980ZC,Amanda Thompson,adult,32,1986-07-21,2018-03-14,active
01,FAM000690,SJVT829SN,Jessica Taylor,adult,29,1989-10-15,2018-03-15,active
01,FAM000703,HUYQ652RT,Steven Harris,adult,37,1981-11-13,2018-03-16,active
01,FAM000822,WBMJ269IK,Ashley White,adult,62,1956-02-26,2018-03-16,active
01,FAM001078,FDKE512PJ,Ashley Martin,adult,25,1993-10-12,2018-03-16,active
01,FAM001087,VLIO046KZ,Jennifer Johnson,adult,36,1982-08-27,2018-03-16,active
01,FAM000329,GIYU822RQ,Robert Smith,adult,49,1969-05-01,2018-03-17,active
01,FAM000336,ZAHU708YS,Deborah Harris,adult,34,1984-05-28,2018-03-17,active
01,FAM000144,JIMV110KC,Deborah Moore,adult,34,1984-10-19,2018-03-18,active
01,FAM000720,LNTQ899TL,James Johnson,adult,64,1954-10-14,2018-03-18,active
01,FAM000178,JEBU728LW,Sandra Anderson,adult,53,1965-08-09,2018-03-19,active
01,FAM000573,MDWJ079CQ,Donald Thompson,adult,28,1990-12-01,2018-03-19,active
01,FAM000457,ZFLF709KS,Steven Martinez,adult,53,1965-06-11,2018-03-21,active
01,FAM000646,VTLW746FX,Nicole Gonzalez,adult,31,1987-12-22,2018-03-21,active
01,FAM000808,XBLX831HN,Anthony Davis,adult,49,1969-09-17,2018-03-21,active
01,FAM001059,NVJN685XC,Donald Miller,adult,32,1986-03-15,2018-03-21,active
01,FAM000731,CUYB573ZI,Dorothy Gonzalez,adult,58,1960-11-17,2018-03-22,active
01,FAM000944,APXE911CY,James Thomas,adult,45,1973-01-05,2018-03-22,active
01,FAM000072,SSDF042VE,Anthony Anderson,adult,25,1993-09-17,2018-03-23,active
01,FAM000074,UTFK343MJ,Deborah Martinez,adult,31,1987-12-16,2018-03-23,active
01,FAM000202,TGHB870NH,David Jones,adult,49,1969-03-02,2018-03-24,active
01,FAM000249,IIUP582JU,Andrew Wilson,adult,63,1955-03-14,2018-03-24,active
01,FAM000425,HNHN657FA,Daniel Martin,adult,61,1957-04-17,2018-03-24,active
01,FAM000472,NBUC492LN,David Taylor,adult,57,1961-03-24,2018-03-24,active
01,FAM000627,PJEU913PO,David Wilson,adult,58,1960-05-02,2018-03-24,active
01,FAM000845,KDMJ234CL,Anthony Thompson,adult,37,1981-06-11,2018-03-24,active
01,FAM000994,ONOR005KU,Steven Martin,adult,33,1985-12-01,2018-03-24,active
01,FAM001054,PZZH891PC,John Jackson,adult,55,1963-09-15,2018-03-24,active
01,FAM000195,WYLI616WU,Donald White,adult,51,1967-04-10,2018-03-25,active
01,FAM000540,NLPP336WS,Jessica Perez,adult,33,1985-10-15,2018-03-25,active
01,FAM000054,UBCD826VS,William Garcia,adult,55,1963-12-20,2018-03-26,active
01,FAM000165,GXMU412LS,Betty Harris,adult,38,1980-04-13,2018-03-26,active
01,FAM000506,CUPD206KW,Daniel Taylor,adult,60,1958-03-12,2018-03-26,active
01,FAM001102,LWNG613IW,Elizabeth Ramirez,adult,53,1965-08-16,2018-03-26,active
01,FAM000159,TPJO065NY,Deborah Wilson,adult,45,1973-12-05,2018-03-27,active
01,FAM000936,NMDB393ZU,Donald Hernandez,adult,37,1981-05-09,2018-03-28,active
01,FAM000216,PGSQ955DM,Sandra Martinez,adult,28,1990-01-13,2018-03-29,active
01,FAM000298,EGZX202AD,Andrew Clark,adult,61,1957-09-08,2018-03-29,active
01,FAM000422,BVFM087LJ,Jane Harris,adult,36,1982-06-13,2018-03-29,active
01,FAM000474,BKKX277OA,Sarah Lopez,adult,64,1954-04-16,2018-03-29,active
01,FAM000681,GLXY074AS,Sandra Gonzalez,adult,28,1990-01-04,2018-03-29,active
01,FAM000842,YSBW158SI,Sandra Robinson,adult,48,1970-06-07,2018-03-29,active
01,FAM000929,COCF411YT,Robert Rodriguez,adult,33,1985-05-22,2018-03-29,active
01,FAM000579,ACOC738DS,Jennifer Clark,adult,57,1961-06-16,2018-03-30,active
01,FAM000611,JBZS972ER,Amanda Clark,adult,36,1982-03-12,2018-03-30,active
01,FAM000793,ZTFJ679FL,Mark Williams,adult,51,1967-04-12,2018-03-30,active
01,FAM000718,ZZHQ455FP,Donald Brown,adult,29,1989-12-07,2018-03-31,active
01,FAM000728,ZROJ768UK,John Martinez,adult,59,1959-01-19,2018-03-31,active
01,FAM000747,TCDI950OF,Elizabeth Thomas,adult,54,1964-06-24,2018-03-31,active
01,FAM000771,RISD057AO,David Garcia,adult,29,1989-04-10,2018-03-31,active
01,FAM000839,LELA004MH,Sarah Perez,adult,45,1973-11-07,2018-03-31,active
01,FAM000057,GUED367JQ,John Brown,adult,50,1968-04-16,2018-04-01,active
01,FAM000219,BMDH159LG,Nicole Lopez,adult,38,1980-04-23,2018-04-01,active
01,FAM001040,GPUX151YZ,Elizabeth Perez,adult,50,1968-01-06,2018-04-01,active
01,FAM000024,GUNV920HQ,Daniel Sanchez,adult,59,1959-06-10,2018-04-02,active
01,FAM000031,GVOV946RC,Deborah Jones,adult,47,1971-06-28,2018-04-02,active
01,FAM000055,JJNC460SF,Elizabeth Johnson,adult,50,1968-02-26,2018-04-02,active
01,FAM000229,WBME411GD,Stephanie Lopez,adult,52,1966-03-02,2018-04-02,active
01,FAM000179,RVLN236BE,William Rodriguez,adult,56,1962-01-28,2018-04-03,active
01,FAM000397,YWUW311KU,Dorothy Davis,adult,43,1975-12-16,2018-04-03,active
01,FAM000933,CQKE346BJ,Jennifer Lewis,adult,28,1990-05-20,2018-04-03,active
01,FAM000852,ZSDA716TP,Matthew Thompson,adult,26,1992-06-02,2018-04-04,active
01,FAM000854,AFVM904JY,Matthew Rodriguez,adult,50,1968-04-04,2018-04-04,active
01,FAM000617,AHWD343SK,Deborah Jones,adult,36,1982-02-04,2018-04-06,active
01,FAM000068,WIOU518KU,Daniel Clark,adult,41,1977-04-07,2018-04-07,active
01,FAM000395,XMET793OT,Steven Smith,adult,37,1981-10-24,2018-04-07,active
01,FAM000447,LZEN123PG,Paul Hernandez,adult,35,1983-02-10,2018-04-07,active
01,FAM000544,WHNB082VS,Lisa Thompson,adult,30,1988-10-21,2018-04-07,active
01,FAM000796,ITGN952GL,Helen Jones,adult,26,1992-07-09,2018-04-07,active
01,FAM000894,PCTY400ON,William Martin,adult,39,1979-11-26,2018-04-07,active
01,FAM000932,WASU297OF,Dorothy Hernandez,adult,36,1982-04-17,2018-04-07,active
01,FAM000266,KVBK296IT,Sandra Jackson,adult,58,1960-02-18,2018-04-08,active
01,FAM000851,PSWX816KM,Andrew Lopez,adult,59,1959-11-13,2018-04-08,active
01,FAM000958,BYHH509ZP,Ashley Lopez,adult,40,1978-10-27,2018-04-08,active
01,FAM000983,SMPC335NM,Dorothy Martinez,adult,28,1990-11-18,2018-04-08,active
01,FAM001021,DQRO302BC,Paul Thomas,adult,43,1975-08-21,2018-04-08,active
01,FAM000385,LNER721SK,David Miller,adult,41,1977-04-17,2018-04-09,active
01,FAM000458,LWAO311RO,David Robinson,adult,48,1970-09-09,2018-04-09,active
01,FAM000779,JUXW213JF,Jennifer Thomas,adult,61,1957-11-05,2018-04-09,active
01,FAM000868,PZBD976GE,Andrew White,adult,45,1973-11-23,2018-04-09,active
01,FAM000945,AYBY665HW,James Miller,adult,65,1953-04-14,2018-04-09,active
01,FAM000947,PXGF375TU,Michael Harris,adult,27,1991-11-27,2018-04-10,active
01,FAM000368,KRYO658AK,Nicole Williams,adult,59,1959-02-26,2018-04-11,active
01,FAM000473,DRYH614FR,Nicole Wilson,adult,56,1962-08-08,2018-04-11,active
01,FAM000777,KNAX991BH,David Lewis,adult,30,1988-10-09,2018-04-11,active
01,FAM000812,LCYN682KA,Michael Moore,adult,35,1983-07-13,2018-04-11,active
01,FAM000955,NMUY181MS,William Davis,adult,48,1970-05-14,2018-04-11,active
01,FAM000963,HIFQ841IK,Nicole Sanchez,adult,64,1954-04-24,2018-04-11,active
01,FAM000288,AJBN390UG,Sandra Smith,adult,27,1991-09-01,2018-04-12,active
01,FAM000889,ONXT812TN,Jane Rodriguez,adult,49,1969-07-09,2018-04-12,active
01,FAM000028,KMQY686RX,Sandra Smith,adult,51,1967-01-14,2018-04-13,active
01,FAM000380,JZMC699TE,Elizabeth Martinez,adult,41,1977-12-11,2018-04-13,active
01,FAM000993,WQHQ453OR,Sarah White,adult,44,1974-07-22,2018-04-13,active
01,FAM000168,AYDA710JS,Andrew Harris,adult,57,1961-12-24,2018-04-15,active
01,FAM000370,UCLB193GK,Ashley Harris,adult,47,1971-05-20,2018-04-15,active
01,FAM000660,RNKP819YF,Sandra White,adult,46,1972-11-03,2018-04-15,active
01,FAM000702,ORDG829RA,Anthony Clark,adult,37,1981-07-13,2018-04-15,active
01,FAM000899,WIDM018YC,Jessica Robinson,adult,30,1988-09-25,2018-04-15,active
01,FAM000118,ZMKR166OU,Dorothy Lopez,adult,26,1992-04-06,2018-04-16,active
01,FAM000486,AEIU541UP,Andrew Williams,adult,56,1962-09-11,2018-04-16,active
01,FAM000498,IVFN543IN,Paul Hernandez,adult,30,1988-09-23,2018-04-16,active
01,FAM000542,WUSD261BX,Christopher Thompson,adult,57,1961-02-13,2018-04-16,active
01,FAM001035,TEDN078HQ,Elizabeth Harris,adult,62,1956-12-11,2018-04-16,active
01,FAM000134,FMCF750TE,Sandra Robinson,adult,65,1953-08-24,2018-04-17,active
01,FAM000156,BJOG350XX,William Jackson,adult,61,1957-07-08,2018-04-17,active
01,FAM000922,XJSP189RP,James Ramirez,adult,64,1954-03-23,2018-04-17,active
01,FAM000961,TFJV877WO,Betty Taylor,adult,44,1974-04-10,2018-04-17,active
01,FAM001092,TZGV097RY,Jennifer Miller,adult,37,1981-06-14,2018-04-17,active
01,FAM000138,CERF278DZ,Jessica Thompson,adult,40,1978-10-22,2018-04-19,active
01,FAM000201,LRTD271DK,Jane Gonzalez,adult,55,1963-02-03,2018-04-19,active
01,FAM000217,CLON384BE,Jennifer Thompson,adult,48,1970-06-10,2018-04-19,active
01,FAM000887,RSPR488LD,Betty Jackson,adult,55,1963-12-23,2018-04-19,active
01,FAM000914,IHTL977SH,Jessica Thompson,adult,55,1963-08-15,2018-04-19,active
01,FAM000098,WEHR627US,Mark Lewis,adult,42,1976-03-16,2018-04-20,active
01,FAM000286,VETV975UI,James Jackson,adult,49,1969-03-07,2018-04-20,active
01,FAM000527,XHEU534AR,Jennifer Williams,adult,38,1980-05-27,2018-04-20,active
01,FAM000556,RHIE115DR,Jane Perez,adult,56,1962-01-25,2018-04-20,active
01,FAM000268,TXAF607XA,Daniel Ramirez,adult,45,1973-09-15,2018-04-21,active
01,FAM000354,IMET177UR,Christopher Jones,adult,63,1955-02-18,2018-04-21,active
01,FAM000538,HLCW366WO,Christopher Garcia,adult,25,1993-07-21,2018-04-21,active
01,FAM000575,AJCU096RP,Jennifer Robinson,adult,55,1963-06-02,2018-04-21,active
01,FAM000732,IJOI279RV,William Martinez,adult,47,1971-02-23,2018-04-21,active
01,FAM000837,KDPO779HH,Jessica White,adult,57,1961-11-02,2018-04-21,active
01,FAM000018,HCNN112WF,Anthony Gonzalez,adult,27,1991-10-28,2018-04-22,active
01,FAM000855,LVLT008SO,Andrew Anderson,adult,25,1993-04-26,2018-04-22,active
01,FAM000964,FXYK768QY,Betty Moore,adult,38,1980-12-18,2018-04-22,active
01,FAM001011,EHSQ841IF,Sandra Williams,adult,28,1990-02-08,2018-04-22,active
01,FAM001016,IIBK246PL,Andrew Williams,adult,53,1965-09-16,2018-04-22,active
01,FAM000139,UUJB211XI,Mark Johnson,adult,36,1982-05-04,2018-04-23,active
01,FAM000564,TZUY591FV,Donald Thompson,adult,60,1958-01-15,2018-04-23,active
01,FAM000767,IOLX213HD,Amanda Clark,adult,63,1955-09-27,2018-04-23,active
01,FAM000052,BJKN504YI,John Lopez,adult,62,1956-08-25,2018-04-24,active
01,FAM000434,NSQH558GF,Nicole Martin,adult,51,1967-12-04,2018-04-24,active
01,FAM000467,BLET429FC,Betty Sanchez,adult,43,1975-08-02,2018-04-24,active
01,FAM000548,SGTY945LJ,Lisa Jackson,adult,35,1983-06-13,2018-04-24,active
01,FAM000597,MNTF578KQ,James Thomas,adult,57,1961-08-28,2018-04-24,active
01,FAM000992,HJDD451JO,Anthony Miller,adult,29,1989-06-13,2018-04-24,active
01,FAM000510,BVZR577BS,Matthew Williams,adult,43,1975-08-01,2018-04-25,active
01,FAM001018,UWDI128DE,Lisa Thomas,adult,64,1954-09-12,2018-04-25,active
01,FAM000155,IGMQ328EG,John Perez,adult,65,1953-02-17,2018-04-26,active
01,FAM000466,FLXD216VO,Betty Robinson,adult,25,1993-05-01,2018-04-26,active
01,FAM000580,YJNM856FI,Mark Wilson,adult,58,1960-02-20,2018-04-26,active
01,FAM000775,JKBJ575WY,Sarah Lewis,adult,61,1957-01-26,2018-04-26,active
01,FAM000847,NPSY670CZ,Stephanie Davis,adult,59,1959-09-12,2018-04-26,active
01,FAM000987,GTLD070ZS,Deborah Anderson,adult,27,1991-07-19,2018-04-26,active
01,FAM000210,WODB181DN,Ashley Brown,adult,42,1976-06-02,2018-04-27,active
01,FAM000444,TKBY257QM,Donald Williams,adult,49,1969-01-22,2018-04-27,active
01,FAM000433,VDQN114CB,Anthony Smith,adult,39,1979-01-01,2018-04-28,active
01,FAM000862,HOJL803BW,Betty Rodriguez,adult,44,1974-08-03,2018-04-28,active
01,FAM000339,DQVD413OA,William Wilson,adult,49,1969-09-27,2018-04-29,active
01,FAM000505,TJUW556EQ,William Miller,adult,55,1963-04-06,2018-04-29,active
01,FAM000985,GQRB752PQ,Sarah Hernandez,adult,64,1954-07-22,2018-04-29,active
01,FAM000163,GKCI748ZB,Matthew Gonzalez,adult,61,1957-05-27,2018-04-30,active
01,FAM000494,YZQE935FO,Matthew Jackson,adult,47,1971-09-12,2018-04-30,active
01,FAM000495,KMHX489LF,Jane Harris,adult,61,1957-06-02,2018-04-30,active
01,FAM000882,FMFM500HC,Deborah Williams,adult,52,1966-12-11,2018-05-01,active
01,FAM000096,IYQY765PS,Nicole Robinson,adult,30,1988-01-19,2018-05-02,active
01,FAM000804,ZPPJ379JW,Ashley Lewis,adult,63,1955-11-09,2018-05-02,active
01,FAM001020,NXKG922DB,John Robinson,adult,44,1974-09-02,2018-05-02,active
01,FAM000158,BZFR158IU,Anthony Taylor,adult,39,1979-03-25,2018-05-03,active
01,FAM000441,SWCU589TK,Anthony Williams,adult,46,1972-12-28,2018-05-03,active
01,FAM000607,AILO608FQ,Jennifer Hernandez,adult,26,1992-04-14,2018-05-03,active
01,FAM001032,VUQS100CJ,Andrew Robinson,adult,42,1976-04-06,2018-05-03,active
01,FAM000378,EDEW998RG,Paul Sanchez,adult,36,1982-06-27,2018-05-04,active
01,FAM000589,UOCM208IU,Nicole Brown,adult,49,1969-08-08,2018-05-04,active
01,FAM000831,SAME539QT,Lisa Wilson,adult,33,1985-05-17,2018-05-04,active
01,FAM000332,NQKJ383VT,Andrew Brown,adult,27,1991-12-06,2018-05-05,active
01,FAM000525,UEYF596WL,Nicole Lewis,adult,25,1993-11-06,2018-05-05,active
01,FAM000766,GFHV654OG,Daniel Martin,adult,63,1955-06-23,2018-05-05,active
01,FAM000788,LTXE752MY,Andrew Lee,adult,62,1956-10-24,2018-05-05,active
01,FAM000938,CVHF693EU,Jane Wilson,adult,26,1992-02-28,2018-05-05,active
01,FAM000065,PTJJ835MP,Dorothy Anderson,adult,29,1989-07-10,2018-05-06,active
01,FAM000386,EFTF777AC,William White,adult,58,1960-03-12,2018-05-06,active
01,FAM000522,GDZS188CL,Dorothy Martinez,adult,27,1991-05-15,2018-05-06,active
01,FAM001069,AQBO078ZL,Jennifer Sanchez,adult,30,1988-10-12,2018-05-06,active
01,FAM000109,NFNE290YV,Mark Harris,adult,63,1955-06-24,2018-05-07,active
01,FAM000316,BGKL160GW,Daniel Miller,adult,62,1956-02-15,2018-05-07,active
01,FAM000331,ZPMQ653BT,Paul Lopez,adult,39,1979-07-21,2018-05-07,active
01,FAM000117,MGFF111QE,Steven Wilson,adult,64,1954-02-17,2018-05-08,active
01,FAM000330,DVCA249VU,Robert Rodriguez,adult,63,1955-04-27,2018-05-08,active
01,FAM000122,SECH157BW,Lisa Taylor,adult,29,1989-07-17,2018-05-09,active
01,FAM000874,TBQJ815XD,Helen Thompson,adult,64,1954-12-23,2018-05-09,active
01,FAM000722,NOLO432BC,Jane Brown,adult,43,1975-06-14,2018-05-10,active
01,FAM000860,KGRF283OG,Helen Anderson,adult,43,1975-09-17,2018-05-10,active
01,FAM000409,GASR847MV,Michael Rodriguez,adult,57,1961-03-01,2018-05-11,active
01,FAM000864,LLNX604FP,Sarah Jones,adult,40,1978-08-21,2018-05-11,active
01,FAM000010,KNJL873EJ,Christopher Gonzalez,adult,58,1960-03-18,2018-05-12,active
01,FAM000880,KVCS293FZ,James Moore,adult,34,1984-12-19,2018-05-12,active
01,FAM000965,KLTB657PO,Matthew Gonzalez,adult,36,1982-07-06,2018-05-12,active
01,FAM001051,JTSG674XT,Elizabeth Smith,adult,50,1968-07-17,2018-05-12,active
01,FAM000102,EIDQ152WS,Amanda Johnson,adult,41,1977-10-05,2018-05-14,active
01,FAM001024,MZSH917TZ,Anthony Thompson,adult,40,1978-01-20,2018-05-14,active
01,FAM001089,CTFA510HL,John Taylor,adult,43,1975-06-24,2018-05-14,active
01,FAM000131,PGNU421PE,Amanda Sanchez,adult,56,1962-11-16,2018-05-15,active
01,FAM000188,VWXT023DG,Steven Ramirez,adult,42,1976-06-25,2018-05-15,active
01,FAM000226,MJPH406PM,Stephanie Wilson,adult,45,1973-03-27,2018-05-15,active
01,FAM000637,FQIV677JQ,Deborah Harris,adult,52,1966-07-12,2018-05-15,active
01,FAM000823,PREZ469KY,Michael Moore,adult,47,1971-12-16,2018-05-15,active
01,FAM000046,NBVR346PR,Amanda Hernandez,adult,44,1974-06-17,2018-05-16,active
01,FAM000599,CJLV322TV,James White,adult,37,1981-06-18,2018-05-16,active
01,FAM000094,KAQH928TD,Dorothy Lopez,adult,60,1958-10-13,2018-05-17,active
01,FAM000128,HJMO604OT,Jane Sanchez,adult,63,1955-09-18,2018-05-17,active
01,FAM000358,XOKI288LT,Paul Lopez,adult,43,1975-01-06,2018-05-17,active
01,FAM000934,TBBB348RK,Matthew Robinson,adult,39,1979-04-12,2018-05-17,active
01,FAM001044,OXDL608SO,Dorothy Davis,adult,43,1975-10-20,2018-05-17,active
01,FAM000105,ZCFH163VE,Robert Thomas,adult,50,1968-03-22,2018-05-18,active
01,FAM000185,PBIT896ZX,Andrew Miller,adult,34,1984-05-01,2018-05-18,active
01,FAM000346,ZHNY175VJ,Dorothy Davis,adult,34,1984-11-13,2018-05-18,active
01,FAM000365,LFHL044XY,James Jackson,adult,60,1958-05-25,2018-05-18,active
01,FAM000616,KRNW439HZ,John Johnson,adult,61,1957-01-10,2018-05-18,active
01,FAM000085,CUKM076BS,Jane Gonzalez,adult,65,1953-01-11,2018-05-19,active
01,FAM000528,JEYD071UJ,Amanda Lopez,adult,40,1978-11-23,2018-05-19,active
01,FAM000592,DWUN439HX,Amanda Martin,adult,54,1964-02-09,2018-05-19,active
01,FAM000645,QQJQ205YC,Sarah Rodriguez,adult,49,1969-12-11,2018-05-19,active
01,FAM001012,PHWA415ZM,Betty Moore,adult,46,1972-08-08,2018-05-19,active
01,FAM000709,JMXJ544HK,Donald Martinez,adult,57,1961-02-02,2018-05-20,active
01,FAM000160,ZVFJ139GV,Anthony White,adult,51,1967-10-20,2018-05-22,active
01,FAM001036,WMEY778AL,John Lopez,adult,30,1988-04-08,2018-05-22,active
01,FAM000413,AFBI126SV,Steven Thompson,adult,58,1960-04-05,2018-05-23,active
01,FAM000554,XHHN416IV,Sarah Perez,adult,53,1965-08-11,2018-05-24,active
01,FAM000043,CERW809WH,Elizabeth Davis,adult,57,1961-05-27,2018-05-25,active
01,FAM000259,KDOQ109PA,Betty Thompson,adult,53,1965-04-28,2018-05-25,active
01,FAM000635,WVNZ519EP,Dorothy Anderson,adult,25,1993-06-22,2018-05-25,active
01,FAM000849,ASXY509RC,Stephanie Lewis,adult,35,1983-02-03,2018-05-25,active
01,FAM000047,HVAF113LB,Betty Taylor,adult,60,1958-12-07,2018-05-26,active
01,FAM000537,OKHO572MT,Michael Thompson,adult,46,1972-04-26,2018-05-26,active
01,FAM000714,IQKU708UM,Sarah Rodriguez,adult,65,1953-06-05,2018-05-26,active
01,FAM000724,PKXM810HJ,Michael Hernandez,adult,29,1989-05-07,2018-05-26,active
01,FAM000075,DYIB731QY,Matthew Garcia,adult,36,1982-06-24,2018-05-27,active
01,FAM000411,KFSU187SI,James Lopez,adult,56,1962-06-12,2018-05-28,active
01,FAM001070,FXWE608SK,James Ramirez,adult,64,1954-01-24,2018-05-29,active
01,FAM000279,VLNJ701MB,William Rodriguez,adult,38,1980-10-28,2018-05-31,active
01,FAM000682,FLRO543SZ,Sarah White,adult,63,1955-09-26,2018-05-31,active
01,FAM000878,YKKT669WA,Amanda Anderson,adult,29,1989-02-06,2018-05-31,active
01,FAM000909,ETLC270GM,Elizabeth Martinez,adult,53,1965-01-14,2018-05-31,active
01,FAM001063,NGWG529CW,Nicole Wilson,adult,64,1954-05-24,2018-05-31,active
01,FAM000299,VNXD551GR,Jessica Davis,adult,30,1988-11-23,2018-06-01,active
01,FAM001064,HIHO118LE,Jane Lopez,adult,56,1962-04-06,2018-06-01,active
01,FAM000071,NOFT173TC,Sandra Miller,adult,32,1986-04-27,2018-06-02,active
01,FAM000084,XKDD709YC,John Lewis,adult,42,1976-06-11,2018-06-02,active
01,FAM000569,PBBQ544TL,David Martinez,adult,34,1984-02-05,2018-06-02,active
01,FAM000608,TAQU122XG,Michael Taylor,adult,65,1953-11-24,2018-06-02,active
01,FAM000900,KYNU672KI,Donald Williams,adult,31,1987-02-12,2018-06-02,active
01,FAM000910,ZFZQ208JL,Andrew Clark,adult,58,1960-03-16,2018-06-03,active
01,FAM000978,ACTD652LQ,Paul Robinson,adult,38,1980-05-20,2018-06-03,active
01,FAM000392,POTL581LH,Mark Garcia,adult,51,1967-08-12,2018-06-04,active
01,FAM000419,LNVD451CL,Dorothy Martinez,adult,65,1953-10-04,2018-06-04,active
01,FAM000491,IJPE938WZ,Jane Brown,adult,49,1969-03-17,2018-06-04,active
01,FAM000196,XVXD158KF,David Moore,adult,45,1973-10-13,2018-06-05,active
01,FAM000264,INEH338AQ,James Lopez,adult,38,1980-12-14,2018-06-05,active
01,FAM000277,DZXZ444TN,Deborah Sanchez,adult,25,1993-10-25,2018-06-05,active
01,FAM000507,SLEL835EV,Robert Lee,adult,54,1964-07-13,2018-06-05,active
01,FAM000673,YCLM694RI,Jennifer Sanchez,adult,35,1983-06-21,2018-06-05,active
01,FAM000921,TCUS054PO,Ashley Smith,adult,59,1959-07-22,2018-06-05,active
01,FAM000157,SPYX494HT,Robert Hernandez,adult,51,1967-08-07,2018-06-06,active
01,FAM001003,FCWR768TY,Anthony Clark,adult,61,1957-02-01,2018-06-06,active
01,FAM000203,HFOR256SB,Michael Martinez,adult,27,1991-12-05,2018-06-07,active
01,FAM000250,JTWJ120AA,Sarah Thomas,adult,49,1969-04-12,2018-06-07,active
01,FAM000383,SXPA973HI,Jessica Thompson,adult,45,1973-10-13,2018-06-07,active
01,FAM000784,XPBK182PC,Jennifer Taylor,adult,56,1962-08-26,2018-06-07,active
01,FAM000248,LFEE117RS,Jennifer Martinez,adult,57,1961-06-03,2018-06-08,active
01,FAM000450,JHBV138BA,Ashley Johnson,adult,34,1984-11-08,2018-06-08,active
01,FAM000644,CSFP518RJ,Anthony Moore,adult,25,1993-07-17,2018-06-08,active
01,FAM000782,NLIX112WL,Jennifer Miller,adult,46,1972-03-17,2018-06-08,active
01,FAM000995,HMZT748SW,Donald Lopez,adult,64,1954-02-09,2018-06-08,active
01,FAM000016,RJEE822UK,Paul Lewis,adult,58,1960-04-06,2018-06-09,active
01,FAM000367,TLBM044YF,Ashley Perez,adult,51,1967-04-24,2018-06-09,active
01,FAM000514,UUVA715RR,Andrew Martin,adult,28,1990-11-26,2018-06-10,active
01,FAM000602,XKKF166GE,Ashley Moore,adult,33,1985-08-11,2018-06-10,active
01,FAM000207,VYZH680ZD,Jessica Lee,adult,43,1975-07-09,2018-06-11,active
01,FAM000373,QCRS265CI,William Moore,adult,41,1977-10-07,2018-06-11,active
01,FAM000400,SYWN139JK,Nicole Rodriguez,adult,63,1955-07-18,2018-06-11,active
01,FAM000536,DIEX608FV,Betty Johnson,adult,56,1962-06-07,2018-06-11,active
01,FAM000641,GPZK663RF,Jane Harris,adult,45,1973-01-05,2018-06-12,active
01,FAM000394,OHVA494OU,Helen Gonzalez,adult,36,1982-06-17,2018-06-13,active
01,FAM000632,PORB099NH,Dorothy Gonzalez,adult,35,1983-10-17,2018-06-14,active
01,FAM000666,TDSW336JO,Michael Jones,adult,60,1958-07-10,2018-06-14,active
01,FAM000112,ERPV274TY,Lisa Jones,adult,49,1969-03-21,2018-06-15,active
01,FAM000199,GEGD830IH,Robert Robinson,adult,41,1977-07-17,2018-06-15,active
01,FAM000234,EVNY552EP,Sandra Sanchez,adult,65,1953-04-27,2018-06-16,active
01,FAM000960,XAEP918XO,Amanda Garcia,adult,57,1961-08-27,2018-06-16,active
01,FAM000274,QPJD325RO,Sandra Harris,adult,55,1963-06-23,2018-06-17,active
01,FAM000778,PZQO902ED,Deborah Ramirez,adult,53,1965-08-14,2018-06-17,active
01,FAM000999,YCSS530GG,David Miller,adult,54,1964-03-25,2018-06-17,active
01,FAM000668,INXE657RO,David Ramirez,adult,64,1954-09-17,2018-06-18,active
01,FAM000121,CSAN452EK,Jessica Thomas,adult,39,1979-10-26,2018-06-19,active
01,FAM000390,CYQY135QV,Christopher Martin,adult,62,1956-09-28,2018-06-19,active
01,FAM000612,LZUF080DW,Paul Wilson,adult,65,1953-02-06,2018-06-19,active
01,FAM000636,KEZK406OH,Robert Lewis,adult,40,1978-07-16,2018-06-19,active
01,FAM000800,PJBW049VB,Andrew Gonzalez,adult,56,1962-09-03,2018-06-19,active
01,FAM000906,JNKG926TE,Nicole Robinson,adult,46,1972-01-12,2018-06-19,active
01,FAM001043,XGQD568FQ,Lisa Sanchez,adult,49,1969-05-12,2018-06-19,active
01,FAM000379,PPZT353EW,Lisa Perez,adult,55,1963-04-16,2018-06-20,active
01,FAM000504,EDDI706SR,Anthony Ramirez,adult,60,1958-12-11,2018-06-20,active
01,FAM000988,QEIN156AJ,Steven Davis,adult,42,1976-08-17,2018-06-20,active
01,FAM001013,GSWC418AD,Mark Smith,adult,59,1959-03-14,2018-06-20,active
01,FAM000490,WGRE301JS,Sarah Brown,adult,26,1992-12-19,2018-06-21,active
01,FAM000574,AWWZ329IU,Jennifer Robinson,adult,29,1989-11-13,2018-06-21,active
01,FAM000659,GVLW087RF,Jane Lee,adult,52,1966-05-06,2018-06-21,active
01,FAM000296,BFZZ904SY,Jane Lee,adult,40,1978-01-07,2018-06-22,active
01,FAM000327,GAQA854AE,Jennifer Johnson,adult,34,1984-04-26,2018-06-22,active
01,FAM000487,OIPC852KS,Matthew Anderson,adult,43,1975-04-08,2018-06-22,active
01,FAM000513,VBAA740LI,Robert Garcia,adult,37,1981-05-15,2018-06-22,active
01,FAM000973,WYYQ279OD,Paul Smith,adult,51,1967-03-25,2018-06-22,active
01,FAM000151,DFPV869FH,Betty Gonzalez,adult,32,1986-09-22,2018-06-23,active
01,FAM000190,FEXZ508VT,Deborah Martinez,adult,45,1973-06-01,2018-06-23,active
01,FAM000218,SZTR723SZ,Helen Rodriguez,adult,31,1987-02-27,2018-06-23,active
01,FAM000691,HKQA330NZ,Amanda Lopez,adult,29,1989-07-21,2018-06-23,active
01,FAM000884,CQQT570HT,Jane Clark,adult,29,1989-04-08,2018-06-23,active
01,FAM000181,NVIS680UO,Dorothy Ramirez,adult,44,1974-07-26,2018-06-24,active
01,FAM000270,WKFU225LF,Dorothy Garcia,adult,44,1974-10-01,2018-06-24,active
01,FAM000301,HQGZ669XZ,Sandra Thompson,adult,49,1969-09-03,2018-06-24,active
01,FAM000615,EWJK913DC,David Johnson,adult,41,1977-06-01,2018-06-24,active
01,FAM000642,TDMT794LT,Anthony Smith,adult,28,1990-01-09,2018-06-24,active
01,FAM000104,HFTW907BN,Andrew Johnson,adult,27,1991-01-05,2018-06-25,active
01,FAM000183,SCJS166DK,William Jones,adult,38,1980-02-25,2018-06-25,active
01,FAM000404,TRVS356PM,Robert Johnson,adult,59,1959-10-12,2018-06-25,active
01,FAM001094,KMZM128GR,James Jackson,adult,61,1957-12-02,2018-06-25,active
01,FAM001100,OKQD768PR,Ashley Jones,adult,27,1991-02-01,2018-06-25,active
01,FAM000349,PNSX264KC,David Sanchez,adult,30,1988-06-23,2018-06-26,active
01,FAM000578,XOUH724QM,Jessica Gonzalez,adult,41,1977-03-09,2018-06-26,active
01,FAM000643,CQUW774ZM,Dorothy Martin,adult,53,1965-07-15,2018-06-26,active
01,FAM001075,WBJG262OE,Andrew Williams,adult,54,1964-06-03,2018-06-26,active
01,FAM000062,GDUH406PO,Daniel Smith,adult,54,1964-10-20,2018-06-27,active
01,FAM000243,QVIZ405TY,Ashley Martinez,adult,28,1990-05-16,2018-06-27,active
01,FAM000406,LLLB848LF,Jennifer Martin,adult,25,1993-04-11,2018-06-27,active
01,FAM000412,FHYG147FT,Daniel Smith,adult,41,1977-07-07,2018-06-27,active
01,FAM000519,UDRG788NJ,Christopher Lee,adult,34,1984-06-13,2018-06-27,active
01,FAM000549,DNWX101CJ,Amanda Davis,adult,51,1967-04-22,2018-06-27,active
01,FAM000601,DKFS996TH,David Rodriguez,adult,54,1964-12-08,2018-06-27,active
01,FAM000757,VACP481TS,Jennifer Johnson,adult,32,1986-10-25,2018-06-27,active
01,FAM000950,CIVA546DC,Sandra Johnson,adult,49,1969-06-16,2018-06-27,active
01,FAM000294,TRIC394SH,Daniel Smith,adult,40,1978-04-18,2018-06-28,active
01,FAM000952,UEHO005NV,Mark Clark,adult,35,1983-08-04,2018-06-28,active
01,FAM000035,DXGM962RS,Mark Rodriguez,adult,45,1973-01-21,2018-06-29,active
01,FAM000194,NYQI716JM,Lisa Perez,adult,60,1958-03-15,2018-06-29,active
01,FAM001008,TATB394MU,Nicole Garcia,adult,54,1964-10-19,2018-06-29,active
01,FAM000036,IMVS691ED,Sarah Martinez,adult,62,1956-06-04,2018-06-30,active
01,FAM000049,MKIX675QD,Betty Hernandez,adult,44,1974-09-26,2018-06-30,active
01,FAM000927,JDYG016LR,John Moore,adult,40,1978-01-28,2018-06-30,active
01,FAM000034,TNGO506KY,Steven Robinson,adult,49,1969-11-17,2018-07-01,active
01,FAM000848,YQGL252VT,Michael Harris,adult,27,1991-01-07,2018-07-01,active
01,FAM000550,GHII041MJ,Christopher Brown,adult,54,1964-01-13,2018-07-02,active
01,FAM001019,BGPC430NS,Robert Martin,adult,39,1979-03-23,2018-07-02,active
01,FAM000152,ALXI263LP,Mark Clark,adult,47,1971-01-09,2018-07-03,active
01,FAM000546,XHXC742VN,Lisa Lee,adult,26,1992-11-16,2018-07-03,active
01,FAM000594,LDGR161WV,Sarah Harris,adult,61,1957-09-06,2018-07-03,active
01,FAM000669,JNUI168IS,Sarah Gonzalez,adult,64,1954-09-12,2018-07-03,active
01,FAM000946,CSXC205ZE,Betty Robinson,adult,51,1967-01-21,2018-07-03,active
01,FAM000570,PLDX724HU,Nicole Gonzalez,adult,27,1991-11-26,2018-07-04,active
01,FAM001027,DDPF099TU,Steven Martinez,adult,43,1975-09-20,2018-07-04,active
01,FAM000407,CSNT302LE,Lisa Robinson,adult,45,1973-04-01,2018-07-05,active
01,FAM000625,UJGB520BM,Matthew White,adult,41,1977-03-02,2018-07-05,active
01,FAM000479,MCNQ528RH,Ashley Sanchez,adult,53,1965-12-11,2018-07-06,active
01,FAM000518,HQRO135CB,Lisa White,adult,55,1963-11-05,2018-07-06,active
01,FAM000706,TBPN319VZ,Mark Hernandez,adult,50,1968-12-18,2018-07-06,active
01,FAM000713,YEWO829LE,Betty Taylor,adult,29,1989-09-04,2018-07-06,active
01,FAM000893,YVOU566AG,Jane Anderson,adult,29,1989-03-23,2018-07-06,active
01,FAM001090,DOIV928WN,Paul White,adult,58,1960-08-12,2018-07-06,active
01,FAM000233,ZDRG688YQ,David Thomas,adult,57,1961-07-11,2018-07-08,active
01,FAM000398,FBNB879GW,Robert Garcia,adult,56,1962-03-07,2018-07-08,active
01,FAM000418,UPNN326JJ,Steven Smith,adult,26,1992-10-14,2018-07-08,active
01,FAM000429,QWKR266LF,Betty Gonzalez,adult,25,1993-09-07,2018-07-08,active
01,FAM000562,ONYT888CF,Betty Lopez,adult,36,1982-12-25,2018-07-08,active
01,FAM001058,KKSR509JP,Robert Martinez,adult,46,1972-02-13,2018-07-08,active
01,FAM000003,KZBI272QL,Mark Wilson,adult,57,1961-04-19,2018-07-09,active
01,FAM000244,IVFQ815NT,Christopher Thomas,adult,31,1987-09-15,2018-07-09,active
01,FAM000292,ODAR119SM,Anthony Hernandez,adult,29,1989-07-12,2018-07-09,active
01,FAM000606,JJAA167XO,Donald Garcia,adult,54,1964-11-03,2018-07-09,active
01,FAM000792,FBWW127DX,William Brown,adult,28,1990-07-10,2018-07-09,active
01,FAM001055,BCNA591LU,Daniel Harris,adult,62,1956-12-23,2018-07-09,active
01,FAM000192,OSEZ884OJ,John Clark,adult,26,1992-09-24,2018-07-10,active
01,FAM000719,ULKH527IW,Sandra Anderson,adult,46,1972-07-21,2018-07-10,active
01,FAM000768,IPHS462LA,Matthew White,adult,30,1988-02-05,2018-07-10,active
01,FAM000966,WTLV082ZL,James Wilson,adult,38,1980-01-18,2018-07-10,active
01,FAM000198,HMRE657UP,Dorothy Rodriguez,adult,59,1959-09-03,2018-07-11,active
01,FAM000372,ZGDY053TY,Donald Johnson,adult,51,1967-12-13,2018-07-11,active
01,FAM000913,LGDM716BC,Sandra Ramirez,adult,36,1982-12-21,2018-07-11,active
01,FAM000101,TVZC941MF,Robert Davis,adult,47,1971-05-18,2018-07-12,active
01,FAM000184,IJDJ702VP,James Lewis,adult,51,1967-05-13,2018-07-12,active
01,FAM000905,OLSN616KQ,James Martin,adult,45,1973-06-05,2018-07-12,active
01,FAM000948,DJYJ333SN,Anthony Gonzalez,adult,56,1962-05-15,2018-07-12,active
01,FAM000169,CJHD174EE,Dorothy Perez,adult,64,1954-01-21,2018-07-13,active
01,FAM000303,OJNS686RN,Paul Rodriguez,adult,56,1962-02-19,2018-07-13,active
01,FAM000437,SGIU408UM,Anthony Hernandez,adult,49,1969-09-12,2018-07-13,active
01,FAM000481,FSDF963MR,Donald Lopez,adult,60,1958-12-03,2018-07-13,active
01,FAM000925,HSNT449NH,Jane Hernandez,adult,53,1965-09-11,2018-07-13,active
01,FAM000067,VKRA625XH,Ashley Anderson,adult,51,1967-09-14,2018-07-14,active
01,FAM000263,XSCW672GX,Michael Johnson,adult,43,1975-01-15,2018-07-14,active
01,FAM000423,QZJY794UG,Christopher Smith,adult,48,1970-10-22,2018-07-14,active
01,FAM000501,HXEB067FH,Jennifer Lee,adult,35,1983-10-01,2018-07-14,active
01,FAM000561,DSXI348LQ,Lisa Smith,adult,25,1993-07-17,2018-07-14,active
01,FAM000649,NIAX355OE,Daniel Lewis,adult,25,1993-09-09,2018-07-14,active
01,FAM000232,MQML919PA,Mark Miller,adult,52,1966-10-11,2018-07-15,active
01,FAM000500,BXSM866MS,Andrew Brown,adult,39,1979-11-02,2018-07-16,active
01,FAM000684,SMMX445GR,Jennifer Sanchez,adult,27,1991-06-24,2018-07-16,active
01,FAM000819,ZDCF583VI,Jessica Davis,adult,56,1962-02-15,2018-07-16,active
01,FAM000239,FGLR917EZ,Paul Rodriguez,adult,44,1974-04-13,2018-07-17,active
01,FAM000267,YSEG806KH,Matthew Brown,adult,52,1966-01-07,2018-07-17,active
01,FAM000295,UANN895LP,Jennifer Brown,adult,47,1971-11-08,2018-07-17,active
01,FAM000026,EOTX756DU,Elizabeth Ramirez,adult,40,1978-10-10,2018-07-18,active
01,FAM000090,UWCS632PK,Deborah Ramirez,adult,34,1984-12-26,2018-07-19,active
01,FAM000297,MVLZ155DV,Stephanie Anderson,adult,37,1981-05-15,2018-07-19,active
01,FAM000021,YAKY177EF,Matthew Miller,adult,37,1981-09-27,2018-07-20,active
01,FAM000257,NTMN996UB,Jessica Johnson,adult,44,1974-12-24,2018-07-20,active
01,FAM000700,TNOW259IH,Anthony Robinson,adult,47,1971-03-15,2018-07-20,active
01,FAM000785,RUKC665TQ,Daniel Miller,adult,46,1972-10-10,2018-07-20,active
01,FAM000037,ZMUM237UI,Dorothy Garcia,adult,31,1987-05-19,2018-07-21,active
01,FAM000275,VQQK176EW,Robert Lopez,adult,50,1968-07-12,2018-07-21,active
01,FAM000347,JJFR742MP,Daniel Lopez,adult,41,1977-11-28,2018-07-21,active
01,FAM000530,BAUB257KG,Nicole Martinez,adult,47,1971-09-05,2018-07-21,active
01,FAM000593,GTPL226XJ,William Hernandez,adult,59,1959-05-15,2018-07-21,active
01,FAM001098,OAKA943LU,Helen Miller,adult,49,1969-06-01,2018-07-21,active
01,FAM000342,QXGM661DB,Matthew Davis,adult,27,1991-10-05,2018-07-22,active
01,FAM000143,YFJF977WS,Sandra Lewis,adult,44,1974-04-17,2018-07-23,active
01,FAM000308,CSEP217JM,Paul Brown,adult,34,1984-01-13,2018-07-24,active
01,FAM000539,SNTI339EG,Paul Perez,adult,50,1968-06-05,2018-07-24,active
01,FAM000650,WGJS577QB,Helen Perez,adult,28,1990-01-09,2018-07-24,active
01,FAM000742,VSNJ953YC,Paul Garcia,adult,44,1974-02-15,2018-07-24,active
01,FAM000875,HQRJ309PJ,Deborah Lopez,adult,56,1962-11-22,2018-07-24,active
01,FAM000107,POZL178CA,Andrew Lee,adult,49,1969-12-10,2018-07-25,active
01,FAM000381,BGDX129DE,Amanda Lopez,adult,65,1953-07-23,2018-07-25,active
01,FAM000568,DMMN999OD,Mark Garcia,adult,28,1990-09-02,2018-07-25,active
01,FAM000600,JXWU830BV,Robert White,adult,27,1991-02-07,2018-07-25,active
01,FAM000895,KVUN013FO,Deborah Wilson,adult,62,1956-01-23,2018-07-25,active
01,FAM001025,HFQG729VA,Steven Hernandez,adult,54,1964-04-16,2018-07-25,active
01,FAM000193,RQUP467US,Daniel Lopez,adult,52,1966-10-07,2018-07-26,active
01,FAM000228,KXJR997HM,John Lewis,adult,55,1963-10-13,2018-07-26,active
01,FAM000362,WKBE354IS,Jessica Garcia,adult,60,1958-11-22,2018-07-26,active
01,FAM000838,YWTF481VN,Betty Clark,adult,27,1991-12-08,2018-07-26,active
01,FAM000841,MUWD073OP,Anthony Robinson,adult,53,1965-06-28,2018-07-26,active
01,FAM000943,BIWH544XE,William Thomas,adult,29,1989-10-02,2018-07-26,active
01,FAM001084,YBEW836GP,Nicole Sanchez,adult,43,1975-10-26,2018-07-26,active
01,FAM000723,FQPQ570YP,John Lewis,adult,41,1977-02-21,2018-07-27,active
01,FAM000795,MLXL648HY,Deborah Taylor,adult,50,1968-02-19,2018-07-27,active
01,FAM001033,EAMO770WJ,Lisa Lee,adult,34,1984-10-21,2018-07-27,active
01,FAM001062,DDFY134DF,Jessica Brown,adult,28,1990-10-17,2018-07-27,active
01,FAM000149,DGAI225EM,Matthew White,adult,45,1973-05-11,2018-07-28,active
01,FAM000200,KWGH491SA,David Brown,adult,54,1964-02-22,2018-07-28,active
01,FAM000596,XFRS593VR,Paul White,adult,31,1987-03-27,2018-07-28,active
01,FAM000752,NJGJ087PP,Steven Jones,adult,38,1980-05-26,2018-07-28,active
01,FAM001028,BQCJ003EC,Mark Taylor,adult,65,1953-02-05,2018-07-28,active
01,FAM000290,DKLU393UL,Steven Anderson,adult,26,1992-08-08,2018-07-29,active
01,FAM000307,BTAM753PP,John Wilson,adult,64,1954-11-04,2018-07-29,active
01,FAM000326,UDOX124KP,Helen Smith,adult,47,1971-08-23,2018-07-29,active
01,FAM000856,YAPT691NO,Daniel Garcia,adult,52,1966-10-07,2018-07-29,active
01,FAM000861,YCYC158UA,Christopher Perez,adult,40,1978-04-16,2018-07-29,active
01,FAM000029,ZSPG701DY,Daniel Jones,adult,52,1966-02-23,2018-07-30,active
01,FAM000260,WJSX750UD,Stephanie Ramirez,adult,61,1957-05-08,2018-07-30,active
01,FAM000405,PQRH068CG,Ashley Robinson,adult,48,1970-01-11,2018-07-30,active
01,FAM000408,CQCC539WH,James Brown,adult,60,1958-06-19,2018-07-30,active
01,FAM000552,FZSE585YL,Matthew Rodriguez,adult,37,1981-07-11,2018-07-30,active
01,FAM000805,ICYV160IT,John Clark,adult,64,1954-02-21,2018-07-31,active
01,FAM001057,JWFJ683JW,David Thompson,adult,53,1965-05-28,2018-07-31,active
01,FAM000014,DBHC325WJ,Jennifer Brown,adult,35,1983-09-02,2018-08-01,active
01,FAM000531,COPK625VA,Jennifer Perez,adult,29,1989-10-28,2018-08-01,active
01,FAM000759,HEBH661SE,Ashley Johnson,adult,56,1962-05-07,2018-08-01,active
01,FAM000789,DTPS274VA,Jane Robinson,adult,45,1973-02-18,2018-08-02,active
01,FAM000341,VCAF371ZV,Jennifer Sanchez,adult,27,1991-03-23,2018-08-03,active
01,FAM000871,HDES869XH,Matthew Lee,adult,49,1969-09-13,2018-08-04,active
01,FAM000962,OBCK230HF,John Martinez,adult,62,1956-06-16,2018-08-04,active
01,FAM000281,NNGG957UU,Nicole Robinson,adult,64,1954-10-12,2018-08-05,active
01,FAM000534,WWMC452TJ,John Ramirez,adult,28,1990-10-22,2018-08-05,active
01,FAM000705,JKHE064DO,Sarah Brown,adult,49,1969-08-25,2018-08-05,active
01,FAM000717,BKNO639CU,Deborah Jackson,adult,63,1955-08-09,2018-08-05,active
01,FAM000977,ZFGZ160IJ,Matthew Taylor,adult,46,1972-06-09,2018-08-05,active
01,FAM000206,NGHD832YC,Daniel Jackson,adult,40,1978-06-02,2018-08-07,active
01,FAM000344,SMNC297OL,Matthew Davis,adult,49,1969-06-21,2018-08-07,active
01,FAM000802,CREZ427VH,Elizabeth Clark,adult,54,1964-10-25,2018-08-07,active
01,FAM000020,RNRF769TK,Michael Jones,adult,62,1956-01-06,2018-08-09,active
01,FAM000130,HAGT150MV,Robert Lewis,adult,60,1958-08-28,2018-08-09,active
01,FAM000485,XVEN446WP,Donald Williams,adult,50,1968-01-16,2018-08-09,active
01,FAM000631,WEAC961ET,James Jackson,adult,49,1969-06-19,2018-08-09,active
01,FAM000989,ZIYS820HD,Betty Clark,adult,40,1978-02-05,2018-08-09,active
01,FAM001045,NLWR332JE,Mark Clark,adult,59,1959-06-17,2018-08-09,active
01,FAM000005,WOXY561RK,Deborah Johnson,adult,62,1956-08-14,2018-08-10,active
01,FAM000012,GEOU088LN,Amanda Robinson,adult,52,1966-05-07,2018-08-10,active
01,FAM000449,NUDW033LF,William Garcia,adult,57,1961-08-09,2018-08-10,active
01,FAM000885,JEPH700CC,Elizabeth Taylor,adult,50,1968-12-04,2018-08-10,active
01,FAM000901,IEKI916YX,John Garcia,adult,53,1965-06-09,2018-08-10,active
01,FAM000967,PIEJ404XN,Helen Rodriguez,adult,50,1968-09-02,2018-08-10,active
01,FAM001074,UAKC111LP,Anthony Martinez,adult,47,1971-11-01,2018-08-10,active
01,FAM000464,CYCK301WX,James Jones,adult,45,1973-11-12,2018-08-11,active
01,FAM000499,SVSU451BE,Amanda Miller,adult,25,1993-01-10,2018-08-11,active
01,FAM000678,HCPJ810QU,Dorothy Gonzalez,adult,57,1961-07-14,2018-08-11,active
01,FAM000923,YFBO379HT,Christopher Taylor,adult,29,1989-06-09,2018-08-12,active
01,FAM000981,WADP506DF,Stephanie Jones,adult,55,1963-09-11,2018-08-12,active
01,FAM001041,YJKX651UT,Jennifer Johnson,adult,34,1984-11-04,2018-08-12,active
01,FAM000039,VHTN326QQ,Jane Moore,adult,43,1975-01-25,2018-08-13,active
01,FAM000284,XZPY109AJ,Jessica Miller,adult,35,1983-08-26,2018-08-13,active
01,FAM000828,MGXT682JA,Elizabeth Hernandez,adult,28,1990-10-28,2018-08-13,active
01,FAM000004,OYKU227EZ,Jane Wilson,adult,49,1969-12-12,2018-08-14,active
01,FAM000371,RXHD451ZY,William Wilson,adult,57,1961-07-01,2018-08-14,active
01,FAM000430,VXTX952MJ,Daniel Thomas,adult,41,1977-07-19,2018-08-14,active
01,FAM000436,PGON108YC,Ashley Ramirez,adult,34,1984-05-16,2018-08-14,active
01,FAM000751,EGAH186BU,Lisa Wilson,adult,57,1961-10-15,2018-08-14,active
01,FAM000648,LLAB122EC,Steven White,adult,30,1988-03-25,2018-08-15,active
01,FAM000246,TKZH857EA,Andrew Smith,adult,26,1992-08-24,2018-08-16,active
01,FAM000833,KPPX223QB,Lisa Lopez,adult,33,1985-05-25,2018-08-16,active
01,FAM001001,QNHF095XH,Sarah Jones,adult,63,1955-11-19,2018-08-16,active
01,FAM000220,XQSS302QZ,Christopher Anderson,adult,39,1979-04-23,2018-08-17,active
01,FAM000664,FSIU116SY,Matthew Harris,adult,36,1982-02-22,2018-08-17,active
01,FAM000150,MRHT333OK,Betty Perez,adult,27,1991-11-23,2018-08-19,active
01,FAM000613,XNHC677JA,Betty Harris,adult,41,1977-01-12,2018-08-19,active
01,FAM000132,KVLP388MQ,Deborah Harris,adult,30,1988-09-08,2018-08-20,active
01,FAM000261,UYBF605IN,Elizabeth Anderson,adult,29,1989-11-02,2018-08-20,active
01,FAM000746,YJTL295HS,Amanda Anderson,adult,45,1973-01-16,2018-08-20,active
01,FAM000877,ZMDK913SP,Jennifer Taylor,adult,49,1969-12-18,2018-08-20,active
01,FAM000512,AGSF939TK,Mark Davis,adult,50,1968-08-28,2018-08-21,active
01,FAM000559,LCBJ121NC,Lisa Sanchez,adult,62,1956-10-21,2018-08-22,active
01,FAM000089,WXJL330HL,Betty Davis,adult,61,1957-03-18,2018-08-23,active
01,FAM000050,BRHI920UO,John Thompson,adult,52,1966-12-10,2018-08-24,active
01,FAM000475,UKHS678MR,Ashley Thomas,adult,43,1975-05-11,2018-08-24,active
01,FAM000041,URFN704KR,Steven Miller,adult,62,1956-01-05,2018-08-25,active
01,FAM000420,YQMD215DI,Jane Miller,adult,33,1985-03-13,2018-08-25,active
01,FAM000435,YKES814DI,John Wilson,adult,31,1987-04-03,2018-08-25,active
01,FAM000252,JDVY313XI,Deborah Thomas,adult,37,1981-05-16,2018-08-27,active
01,FAM000328,HPEO237ID,David Hernandez,adult,61,1957-03-27,2018-08-27,active
01,FAM000462,JSNK353IZ,Elizabeth Williams,adult,63,1955-07-02,2018-08-27,active
01,FAM000783,QUMV528CM,Michael Rodriguez,adult,40,1978-04-21,2018-08-27,active
01,FAM000231,XJDP579YG,James White,adult,65,1953-03-21,2018-08-28,active
01,FAM000920,ANOS519IA,Michael Harris,adult,36,1982-06-14,2018-08-28,active
01,FAM001081,STMS385EI,Anthony Thompson,adult,61,1957-08-28,2018-08-28,active
01,FAM000042,GAEO024YC,Sarah Smith,adult,62,1956-11-03,2018-08-29,active
01,FAM001007,QNMZ913OG,Daniel Perez,adult,36,1982-06-01,2018-08-29,active
01,FAM000077,OUMC714RD,Anthony Clark,adult,63,1955-05-01,2018-08-30,active
01,FAM000309,DMUU612NC,Sandra Robinson,adult,25,1993-02-09,2018-08-31,active
01,FAM000123,RBLE068YX,Mark Smith,adult,52,1966-08-13,2018-09-01,active
01,FAM000126,QSCE023CO,Robert Anderson,adult,61,1957-10-10,2018-09-01,active
01,FAM000322,ONNL493DO,Anthony Hernandez,adult,47,1971-05-20,2018-09-01,active
01,FAM000355,MYAN338VM,Betty Taylor,adult,39,1979-04-12,2018-09-01,active
01,FAM000541,TUTH029CA,Daniel White,adult,43,1975-10-06,2018-09-01,active
01,FAM000310,SKWQ457RM,Deborah Jackson,adult,39,1979-11-18,2018-09-02,active
01,FAM000356,LGDI467PU,Matthew Brown,adult,30,1988-10-26,2018-09-02,active
01,FAM001038,GPSY368UL,Sarah Robinson,adult,35,1983-03-22,2018-09-02,active
01,FAM001052,SFBB302PC,Lisa Davis,adult,29,1989-07-13,2018-09-02,active
01,FAM000078,BYGC670YI,Sandra Brown,adult,35,1983-10-07,2018-09-03,active
01,FAM000224,QSSU741BJ,Amanda Thomas,adult,41,1977-03-27,2018-09-03,active
01,FAM000242,GFGD419BK,Donald Davis,adult,34,1984-10-06,2018-09-03,active
01,FAM000251,LKFI472KM,John Anderson,adult,57,1961-08-09,2018-09-03,active
01,FAM000364,DDRX037BJ,Sarah Gonzalez,adult,30,1988-09-05,2018-09-03,active
01,FAM000496,FJSC482EQ,Deborah Thompson,adult,65,1953-10-21,2018-09-03,active
01,FAM000870,BOGW550GC,Mark Thomas,adult,26,1992-03-15,2018-09-03,active
01,FAM000976,LGOI704YD,Anthony Perez,adult,64,1954-02-13,2018-09-03,active
01,FAM001066,PCMQ104ZE,James Garcia,adult,36,1982-11-08,2018-09-03,active
01,FAM000167,AKAH874KT,Jane Lee,adult,46,1972-08-24,2018-09-05,active
01,FAM000230,NSJK609AV,Mark Johnson,adult,63,1955-07-11,2018-09-05,active
01,FAM000520,SJTO231EL,Jennifer Rodriguez,adult,64,1954-01-25,2018-09-05,active
01,FAM000820,HXGV741DW,Robert Miller,adult,53,1965-12-08,2018-09-05,active
01,FAM001072,NMCT237GF,Matthew Wilson,adult,35,1983-03-22,2018-09-05,active
01,FAM000227,TXEX563SP,Anthony Lewis,adult,63,1955-07-16,2018-09-06,active
01,FAM000935,XTBW576XM,Nicole Williams,adult,37,1981-11-06,2018-09-06,active
01,FAM000456,WSDA629TD,James Lee,adult,55,1963-04-18,2018-09-07,active
01,FAM000891,WDPY689CZ,Jessica Taylor,adult,59,1959-08-09,2018-09-07,active
01,FAM001002,BKGI864BE,Donald Gonzalez,adult,43,1975-02-01,2018-09-07,active
01,FAM000543,SJBH223MS,Lisa Ramirez,adult,58,1960-10-04,2018-09-08,active
01,FAM000711,QUXE652DS,Sarah White,adult,45,1973-11-12,2018-09-08,active
01,FAM000863,MRZK591UO,William Robinson,adult,28,1990-04-06,2018-09-08,active
01,FAM000954,UNUH172XW,Michael Lee,adult,42,1976-08-03,2018-09-08,active
01,FAM000191,YNXN582JD,Deborah Hernandez,adult,25,1993-10-28,2018-09-09,active
01,FAM000803,LUMX767BO,Elizabeth White,adult,63,1955-05-01,2018-09-09,active
01,FAM000907,NHKA938UN,William Hernandez,adult,35,1983-11-27,2018-09-09,active
01,FAM000572,MEYW714JZ,Betty Brown,adult,36,1982-05-23,2018-09-10,active
01,FAM000951,DMNO565WO,Matthew Lewis,adult,53,1965-09-17,2018-09-10,active
01,FAM001030,EFHS620CV,Christopher Thomas,adult,59,1959-11-23,2018-09-10,active
01,FAM000103,ECLV908TY,Ashley Taylor,adult,46,1972-10-19,2018-09-11,active
01,FAM000451,OQQN000FG,Lisa Moore,adult,58,1960-07-01,2018-09-11,active
01,FAM001095,GQTF216QM,Sandra Lewis,adult,51,1967-02-23,2018-09-11,active
01,FAM000045,BUFT227ER,Jane Clark,adult,50,1968-06-11,2018-09-12,active
01,FAM000764,ILXV733UM,Daniel Martinez,adult,47,1971-11-17,2018-09-12,active
01,FAM000924,KGNX813NB,Sandra Taylor,adult,28,1990-04-13,2018-09-12,active
01,FAM000111,TCNI486CH,Elizabeth Jones,adult,37,1981-11-14,2018-09-13,active
01,FAM000305,ILOK758WZ,Helen Williams,adult,51,1967-06-23,2018-09-13,active
01,FAM000734,GKNF005DZ,Paul Wilson,adult,57,1961-11-23,2018-09-13,active
01,FAM000786,GHRH132CH,Jennifer Robinson,adult,33,1985-04-22,2018-09-13,active
01,FAM000850,HFWV102WV,Sarah Lee,adult,34,1984-03-06,2018-09-13,active
01,FAM000127,ABOJ671SY,Matthew Miller,adult,65,1953-06-16,2018-09-14,active
01,FAM000324,GMGS973VZ,Daniel Taylor,adult,27,1991-08-03,2018-09-14,active
01,FAM000591,XYFT220BW,Deborah Sanchez,adult,27,1991-05-07,2018-09-14,active
01,FAM000940,SAYP272TQ,Stephanie Thomas,adult,58,1960-01-27,2018-09-14,active
01,FAM001050,BRYP498VM,Steven Hernandez,adult,49,1969-08-15,2018-09-14,active
01,FAM000459,NYTY523WW,Dorothy Thompson,adult,32,1986-09-05,2018-09-15,active
01,FAM000679,MTPM515ZY,Elizabeth Lewis,adult,29,1989-04-05,2018-09-15,active
01,FAM000763,KIRB371NS,Jane Martin,adult,59,1959-06-11,2018-09-15,active
01,FAM000421,HQHI390AX,Dorothy Clark,adult,37,1981-04-06,2018-09-16,active
01,FAM000619,VAEX196HF,Robert Williams,adult,63,1955-07-26,2018-09-16,active
01,FAM000739,UUMY258CG,Deborah Ramirez,adult,51,1967-02-05,2018-09-16,active
01,FAM000826,HDLU860DO,Nicole Thomas,adult,34,1984-02-11,2018-09-16,active
01,FAM000214,QIQB359HC,Jessica Rodriguez,adult,38,1980-02-05,2018-09-17,active
01,FAM000388,JUUV192VW,Jane Ramirez,adult,61,1957-01-23,2018-09-17,active
01,FAM000416,OAFS228VJ,Sandra Robinson,adult,58,1960-06-26,2018-09-17,active
01,FAM000737,RRFN266XJ,Ashley Thomas,adult,53,1965-03-20,2018-09-17,active
01,FAM000928,HBTL043JP,Robert Perez,adult,34,1984-01-24,2018-09-17,active
01,FAM001026,LBVA011SI,Andrew Thomas,adult,43,1975-02-11,2018-09-17,active
01,FAM000377,SPIN232VF,Jane Moore,adult,51,1967-08-11,2018-09-18,active
01,FAM000476,RJGN345WE,Daniel Williams,adult,41,1977-05-04,2018-09-18,active
01,FAM000827,NDCC451YV,Daniel Harris,adult,58,1960-12-21,2018-09-18,active
01,FAM000846,MCVO202OX,Elizabeth Garcia,adult,45,1973-03-01,2018-09-18,active
01,FAM000911,EAXQ469IN,John Johnson,adult,41,1977-01-04,2018-09-18,active
01,FAM000403,SHVW356MB,Stephanie Smith,adult,40,1978-02-08,2018-09-19,active
01,FAM000583,PZSD074CC,Deborah Clark,adult,28,1990-02-19,2018-09-19,active
01,FAM000704,KOQX624HN,Elizabeth Martinez,adult,62,1956-11-03,2018-09-19,active
01,FAM001076,JWTU486BC,Andrew Ramirez,adult,62,1956-05-09,2018-09-19,active
01,FAM000359,XVHT986RL,James Ramirez,adult,38,1980-04-24,2018-09-20,active
01,FAM000685,FTOH571CN,Michael Robinson,adult,40,1978-01-22,2018-09-20,active
01,FAM001082,LKUY232HQ,John Moore,adult,38,1980-02-20,2018-09-20,active
01,FAM000013,QJPT125ZP,Paul Ramirez,adult,28,1990-09-23,2018-09-21,active
01,FAM000283,NYJX919OS,Ashley Clark,adult,48,1970-02-06,2018-09-21,active
01,FAM000529,FLFU164QG,Jennifer White,adult,40,1978-02-26,2018-09-21,active
01,FAM000048,CJVG052ZZ,Sandra Martinez,adult,64,1954-12-21,2018-09-22,active
01,FAM000093,FNYK912GB,Anthony Lewis,adult,62,1956-09-04,2018-09-22,active
01,FAM001010,JLHD988UX,Donald Wilson,adult,61,1957-04-25,2018-09-23,active
01,FAM000108,IXJJ386VJ,Steven Williams,adult,31,1987-10-26,2018-09-24,active
01,FAM000255,SAZG284CP,Amanda Martinez,adult,45,1973-07-05,2018-09-24,active
01,FAM000688,UTDD180CV,James Thompson,adult,32,1986-08-09,2018-09-24,active
01,FAM000707,OXHX424VO,Helen Robinson,adult,28,1990-03-21,2018-09-24,active
01,FAM000590,LMRN917BT,Dorothy Lewis,adult,32,1986-01-12,2018-09-25,active
01,FAM000727,HHQP694PM,Michael Brown,adult,55,1963-10-21,2018-09-25,active
01,FAM000736,CILB626JL,Christopher Garcia,adult,49,1969-03-03,2018-09-25,active
01,FAM000971,LETK848PI,Helen Hernandez,adult,47,1971-01-19,2018-09-25,active
01,FAM000584,JTCK751LK,Dorothy White,adult,37,1981-10-24,2018-09-26,active
01,FAM001067,YLYA099NL,Elizabeth Robinson,adult,50,1968-09-16,2018-09-26,active
01,FAM000106,ILVC345JY,Betty Smith,adult,34,1984-01-19,2018-09-27,active
01,FAM000212,CSDU241HG,Jennifer Lewis,adult,36,1982-03-17,2018-09-27,active
01,FAM000238,RWIA497HH,Nicole Martin,adult,36,1982-03-15,2018-09-27,active
01,FAM000289,NAPR683MJ,John Harris,adult,43,1975-12-16,2018-09-27,active
01,FAM000733,DIHA639FB,Mark Gonzalez,adult,33,1985-01-07,2018-09-27,active
01,FAM000483,IVWP043WE,Robert White,adult,52,1966-05-07,2018-09-28,active
01,FAM000222,MMXB901OO,Ashley Thomas,adult,34,1984-01-11,2018-09-29,active
01,FAM000547,VPBE616NQ,William Anderson,adult,35,1983-03-01,2018-09-29,active
01,FAM000620,WKWP616IE,Jessica Clark,adult,31,1987-04-21,2018-09-29,active
01,FAM000063,NHXB887IG,Jennifer Thomas,adult,27,1991-04-16,2018-09-30,active
01,FAM000432,GOEX156QC,Jane White,adult,35,1983-03-25,2018-09-30,active
01,FAM000879,RPJZ775MR,Steven Lee,adult,40,1978-04-27,2018-09-30,active
01,FAM000628,PJUK945TW,Jessica Hernandez,adult,58,1960-05-12,2018-10-01,active
01,FAM000110,ZPFI141LW,William Martinez,adult,35,1983-01-22,2018-10-02,active
01,FAM000240,LNPI620YO,Steven Gonzalez,adult,36,1982-07-04,2018-10-02,active
01,FAM000609,YFSY960DY,Christopher Lee,adult,25,1993-06-28,2018-10-02,active
01,FAM000825,SIHW858MT,David Martinez,adult,25,1993-11-28,2018-10-02,active
01,FAM001029,ISRL891IX,Elizabeth Johnson,adult,34,1984-01-28,2018-10-02,active
01,FAM000614,KKKD461WJ,Betty Martin,adult,60,1958-09-04,2018-10-03,active
01,FAM000873,RJSK947IT,Christopher Thomas,adult,48,1970-06-22,2018-10-03,active
01,FAM000166,OOVP140UA,Mark Perez,adult,32,1986-05-15,2018-10-04,active
01,FAM000477,KNIJ236WK,Elizabeth Garcia,adult,48,1970-07-14,2018-10-04,active
01,FAM000692,LZYU251FR,Elizabeth Jackson,adult,54,1964-02-28,2018-10-04,active
01,FAM000939,QHRQ135ZV,Michael Harris,adult,44,1974-08-22,2018-10-04,active
01,FAM001061,GUIM771WB,Christopher Davis,adult,64,1954-10-09,2018-10-04,active
01,FAM000653,SPEG432BG,James Davis,adult,64,1954-04-17,2018-10-05,active
01,FAM000758,MMIA803DS,Lisa Martin,adult,38,1980-07-26,2018-10-05,active
01,FAM000765,OAUY665NV,James Perez,adult,34,1984-10-02,2018-10-05,active
01,FAM000937,XWDK553YN,Ashley Ramirez,adult,29,1989-11-10,2018-10-05,active
01,FAM000391,AVCO714LM,Matthew Wilson,adult,38,1980-09-10,2018-10-06,active
01,FAM001034,CUFT820RP,Lisa Perez,adult,33,1985-07-08,2018-10-06,active
01,FAM001065,WDWY114VJ,Nicole Robinson,adult,33,1985-11-03,2018-10-06,active
01,FAM000604,IZSR659VM,Jennifer Martinez,adult,64,1954-06-01,2018-10-07,active
01,FAM000956,KFBB177RC,Dorothy Hernandez,adult,40,1978-10-13,2018-10-07,active
01,FAM000061,XMXW513OI,Andrew Garcia,adult,60,1958-06-08,2018-10-08,active
01,FAM000622,TQNN148RB,James Moore,adult,28,1990-01-18,2018-10-08,active
01,FAM000053,YBXQ834BP,Andrew Perez,adult,28,1990-11-10,2018-10-09,active
01,FAM000438,XBVW695LU,Andrew Lee,adult,35,1983-06-28,2018-10-09,active
01,FAM000073,NFZE459AG,Steven Anderson,adult,36,1982-06-17,2018-10-10,active
01,FAM000340,STAB106JK,William Johnson,adult,43,1975-12-14,2018-10-10,active
01,FAM000353,VUQG977JM,Elizabeth Thomas,adult,47,1971-08-28,2018-10-10,active
01,FAM000493,KHEZ051GN,Steven Ramirez,adult,31,1987-06-26,2018-10-10,active
01,FAM000313,RQGX892JY,Anthony Hernandez,adult,55,1963-11-25,2018-10-11,active
01,FAM000393,MUSF193XU,Andrew Perez,adult,43,1975-07-08,2018-10-11,active
01,FAM000623,BPZO679DL,Deborah Thomas,adult,47,1971-09-07,2018-10-11,active
01,FAM000745,PDEG686VO,Ashley Brown,adult,40,1978-03-12,2018-10-11,active
01,FAM000959,EKGE782QO,Elizabeth Ramirez,adult,50,1968-06-04,2018-10-11,active
01,FAM001023,YCBF617CH,Sandra Lewis,adult,59,1959-04-03,2018-10-11,active
01,FAM000208,PGBM362QX,David Moore,adult,44,1974-04-20,2018-10-12,active
01,FAM000428,EWFP918HC,Anthony Perez,adult,60,1958-10-11,2018-10-12,active
01,FAM000824,FYLR977KA,Robert Perez,adult,25,1993-03-16,2018-10-12,active
01,FAM000258,HQTD298DN,Donald Ramirez,adult,55,1963-07-11,2018-10-13,active
01,FAM000396,LPOU148UA,Christopher Wilson,adult,29,1989-03-04,2018-10-13,active
01,FAM000677,LBSU726LF,Dorothy Sanchez,adult,39,1979-11-11,2018-10-14,active
01,FAM000726,EFIM377AW,Steven Rodriguez,adult,28,1990-05-02,2018-10-14,active
01,FAM001048,WUUP597YH,Anthony Miller,adult,54,1964-09-05,2018-10-14,active
01,FAM000287,XDNT882EU,James Garcia,adult,53,1965-09-19,2018-10-15,active
01,FAM000566,ATQP525ZM,Betty Martinez,adult,62,1956-07-14,2018-10-15,active
01,FAM000926,QDVX671RV,David Gonzalez,adult,60,1958-09-13,2018-10-15,active
01,FAM001042,DCRN227LQ,Jane Robinson,adult,40,1978-03-13,2018-10-15,active
01,FAM000023,FCRM545BG,Betty Gonzalez,adult,53,1965-05-14,2018-10-16,active
01,FAM000171,UQNO654WF,Robert Sanchez,adult,46,1972-08-22,2018-10-16,active
01,FAM000256,ITLB711XE,Andrew Anderson,adult,26,1992-10-25,2018-10-16,active
01,FAM000320,PTGS768KN,Mark Johnson,adult,62,1956-07-18,2018-10-16,active
01,FAM000304,PQUR267QI,Sarah Harris,adult,25,1993-01-26,2018-10-17,active
01,FAM000740,WTBD552NS,Sarah Martinez,adult,59,1959-07-24,2018-10-17,active
01,FAM000830,UBJL952UB,Sandra Hernandez,adult,28,1990-08-04,2018-10-17,active
01,FAM000335,JSFK888PY,Lisa Moore,adult,45,1973-02-02,2018-10-18,active
01,FAM000225,ABZR072OV,Jessica Taylor,adult,46,1972-04-17,2018-10-19,active
01,FAM000245,DJFC320SP,William Davis,adult,46,1972-09-15,2018-10-19,active
01,FAM000553,BBVQ341SU,Dorothy Thomas,adult,49,1969-07-11,2018-10-19,active
01,FAM001015,QPEM675CJ,Mark Davis,adult,25,1993-07-10,2018-10-19,active
01,FAM000415,ATBW624LF,William Taylor,adult,54,1964-03-04,2018-10-20,active
01,FAM000551,NEUT829KB,Jessica Jones,adult,27,1991-08-06,2018-10-20,active
01,FAM000715,IQUD708SH,Helen Garcia,adult,40,1978-01-17,2018-10-20,active
01,FAM000853,OQPD542BR,Jessica Perez,adult,35,1983-03-14,2018-10-20,active
01,FAM001049,EINQ672SU,Daniel Miller,adult,28,1990-01-21,2018-10-20,active
01,FAM000302,RGVP108UW,Mark Garcia,adult,32,1986-04-04,2018-10-21,active
01,FAM000626,GUNE102WH,Stephanie Wilson,adult,33,1985-01-13,2018-10-21,active
01,FAM001085,VWFY316BE,David Moore,adult,34,1984-10-02,2018-10-21,active
01,FAM000136,TWOA793RV,John Lee,adult,39,1979-04-15,2018-10-22,active
01,FAM000315,WLGB724HA,Sarah Rodriguez,adult,37,1981-06-05,2018-10-22,active
01,FAM000748,YICI990GP,Deborah Smith,adult,64,1954-12-26,2018-10-22,active
01,FAM000180,EMNZ389KS,Donald Williams,adult,52,1966-10-17,2018-10-23,active
01,FAM000306,EHNR986ZE,Matthew Anderson,adult,42,1976-08-04,2018-10-23,active
01,FAM000254,DSUT658PD,Donald Lopez,adult,43,1975-10-25,2018-10-24,active
01,FAM000565,CWMA312IO,John Gonzalez,adult,33,1985-01-03,2018-10-24,active
01,FAM000007,SVYR280FX,Matthew Anderson,adult,27,1991-09-23,2018-10-25,active
01,FAM000676,UOQM483AK,Robert Perez,adult,31,1987-10-03,2018-10-25,active
01,FAM000097,QHMS883YB,Daniel Lewis,adult,65,1953-11-18,2018-10-26,active
01,FAM000761,MTJU713NQ,Michael Wilson,adult,55,1963-05-21,2018-10-26,active
01,FAM000883,DLDT966WF,Elizabeth Anderson,adult,61,1957-01-01,2018-10-26,active
01,FAM000949,MNGM369VP,William Hernandez,adult,27,1991-12-19,2018-10-26,active
01,FAM000032,TIYV609EP,Betty Lopez,adult,31,1987-01-26,2018-10-28,active
01,FAM000410,ZSXQ143BZ,Nicole Perez,adult,27,1991-10-28,2018-10-28,active
01,FAM000886,CZRW436PG,Jennifer Harris,adult,42,1976-11-08,2018-10-28,active
01,FAM000881,BXEB695SS,Mark Perez,adult,46,1972-11-24,2018-10-29,active
01,FAM000140,SHLH819SW,James Lewis,adult,63,1955-10-24,2018-10-30,active
01,FAM000285,YQZF052TO,Sarah Lopez,adult,61,1957-07-14,2018-10-30,active
01,FAM000603,VKXH136HB,Jennifer Brown,adult,27,1991-10-16,2018-10-30,active
01,FAM000058,FGRP439KZ,Robert Thompson,adult,53,1965-04-04,2018-11-01,active
01,FAM000209,IYLC405YG,John Clark,adult,52,1966-05-19,2018-11-01,active
01,FAM000581,QDQO120FT,Robert Clark,adult,37,1981-04-09,2018-11-01,active
01,FAM000662,DGZE131CV,David Gonzalez,adult,60,1958-05-28,2018-11-01,active
01,FAM000774,ZGQI515IU,Helen Wilson,adult,59,1959-04-14,2018-11-01,active
01,FAM000213,ADTR800CN,Helen Lee,adult,59,1959-11-09,2018-11-02,active
01,FAM000980,FTRK380CF,Michael Anderson,adult,43,1975-03-22,2018-11-02,active
01,FAM000670,GFBG595VJ,David Ramirez,adult,49,1969-12-03,2018-11-03,active
01,FAM000991,JRYQ986KR,Stephanie Gonzalez,adult,64,1954-03-10,2018-11-03,active
01,FAM000360,GKCY554ED,William Davis,adult,61,1957-12-19,2018-11-04,active
01,FAM000011,KTBF439ER,Paul Wilson,adult,47,1971-07-17,2018-11-05,active
01,FAM000730,NGYB406BV,Nicole Ramirez,adult,32,1986-02-02,2018-11-05,active
01,FAM000750,SLCC142TZ,Steven Miller,adult,56,1962-12-11,2018-11-05,active
01,FAM000187,DNNG735GR,Sarah Anderson,adult,59,1959-09-18,2018-11-06,active
01,FAM000235,FUHU961HB,James Ramirez,adult,53,1965-08-04,2018-11-07,active
01,FAM000402,MFLT487JQ,David Garcia,adult,36,1982-12-27,2018-11-07,active
01,FAM000448,KOOZ584BN,Dorothy Ramirez,adult,57,1961-12-12,2018-11-07,active
01,FAM000858,DVKF598BO,Christopher Harris,adult,27,1991-10-06,2018-11-07,active
01,FAM000300,DZRP851NQ,Jessica Davis,adult,49,1969-01-14,2018-11-09,active
01,FAM000445,LVYF626BY,Andrew Jones,adult,42,1976-05-01,2018-11-09,active
01,FAM000675,FWNR173NC,Helen Gonzalez,adult,42,1976-10-07,2018-11-09,active
01,FAM000687,DUHA868II,Jane Davis,adult,33,1985-01-10,2018-11-09,active
01,FAM000773,OQSP690AU,Amanda Martinez,adult,39,1979-10-07,2018-11-09,active
01,FAM000970,KGIG251LJ,David Jones,adult,65,1953-06-22,2018-11-09,active
01,FAM001039,YOAG723QO,Robert Martinez,adult,39,1979-09-28,2018-11-09,active
01,FAM000027,NOJL471TN,Ashley Martinez,adult,63,1955-01-24,2018-11-10,active
01,FAM000492,JSLP733OQ,Robert Johnson,adult,65,1953-12-14,2018-11-10,active
01,FAM000738,SIFB541FO,Steven Robinson,adult,46,1972-07-02,2018-11-10,active
01,FAM000974,KTYD399ZL,Paul Lopez,adult,55,1963-12-08,2018-11-10,active
01,FAM000460,MBZM534RV,Jennifer Miller,adult,54,1964-03-16,2018-11-12,active
01,FAM000655,LTUZ065AE,Stephanie Taylor,adult,34,1984-12-11,2018-11-12,active
01,FAM000051,IIFT369BS,Daniel Anderson,adult,46,1972-02-03,2018-11-13,active
01,FAM000064,FQBO688RB,Helen Williams,adult,54,1964-03-14,2018-11-13,active
01,FAM000323,XVYY240KG,Jennifer Rodriguez,adult,41,1977-09-11,2018-11-13,active
01,FAM000414,TBJB650EQ,Betty White,adult,55,1963-06-03,2018-11-13,active
01,FAM000656,TEDS267MK,Christopher Johnson,adult,38,1980-08-07,2018-11-13,active
01,FAM000917,WVFX509TA,Anthony Jones,adult,33,1985-10-16,2018-11-13,active
01,FAM001037,VKUA396LT,Amanda Clark,adult,44,1974-07-22,2018-11-13,active
01,FAM001077,CMTY645HR,Jennifer Hernandez,adult,58,1960-12-28,2018-11-13,active
01,FAM000141,ZVCI114GW,John Gonzalez,adult,28,1990-04-10,2018-11-14,active
01,FAM000357,EKRJ738QM,David Smith,adult,38,1980-12-23,2018-11-14,active
01,FAM000630,ECVM006XZ,Jane Rodriguez,adult,52,1966-02-08,2018-11-14,active
01,FAM000658,VHJN919LJ,Jennifer Lewis,adult,46,1972-05-18,2018-11-14,active
01,FAM000080,RAES212NT,Elizabeth Johnson,adult,65,1953-07-21,2018-11-15,active
01,FAM000633,TRBW811EA,Steven Thompson,adult,35,1983-08-15,2018-11-15,active
01,FAM000265,NCSO369UE,Matthew Sanchez,adult,31,1987-12-09,2018-11-16,active
01,FAM000661,ICWG042VO,Elizabeth Davis,adult,25,1993-04-24,2018-11-16,active
01,FAM000799,XBKI164MQ,Stephanie Jackson,adult,50,1968-10-10,2018-11-16,active
01,FAM000942,UDBT165FG,Elizabeth Miller,adult,31,1987-08-20,2018-11-16,active
01,FAM000986,DZEN578RQ,Anthony Thomas,adult,50,1968-09-12,2018-11-16,active
01,FAM000998,JZKM197SL,Jessica Hernandez,adult,32,1986-04-15,2018-11-16,active
01,FAM000086,EFCU763AP,Amanda Martin,adult,40,1978-03-20,2018-11-17,active
01,FAM000135,XCFM010VG,Christopher Ramirez,adult,41,1977-05-11,2018-11-17,active
01,FAM000443,WJNW146WK,Lisa Thomas,adult,45,1973-01-25,2018-11-17,active
01,FAM000663,MVDJ390SV,Betty Wilson,adult,34,1984-02-17,2018-11-17,active
01,FAM000790,QSLC861LX,Daniel Williams,adult,29,1989-10-04,2018-11-17,active
01,FAM001005,SADJ332SF,Michael Davis,adult,50,1968-09-15,2018-11-17,active
01,FAM000278,THIH300SH,Helen Brown,adult,55,1963-08-06,2018-11-18,active
01,FAM000560,IUZH677AE,Amanda Anderson,adult,27,1991-12-05,2018-11-18,active
01,FAM001103,KKYL532PE,Jessica Jones,adult,51,1967-02-24,2018-11-18,active
01,FAM000291,HARY552RO,Lisa Rodriguez,adult,45,1973-09-18,2018-11-19,active
01,FAM000567,WWQR995ES,Nicole Perez,adult,58,1960-03-05,2018-11-19,active
01,FAM000638,DWSX906LB,Anthony Rodriguez,adult,61,1957-09-13,2018-11-19,active
01,FAM000652,PQSE387OQ,Paul Johnson,adult,27,1991-06-18,2018-11-20,active
01,FAM000693,VHJQ284XR,Daniel Smith,adult,31,1987-07-01,2018-11-20,active
01,FAM000797,XESC745XS,Anthony Perez,adult,29,1989-09-27,2018-11-20,active
01,FAM000997,EXCQ911WV,Jennifer Taylor,adult,54,1964-03-20,2018-11-21,active
01,FAM000002,INXU285SQ,Christopher Rodriguez,adult,28,1990-03-03,2018-11-22,active
01,FAM000941,PIPF435UC,Donald Brown,adult,62,1956-02-22,2018-11-22,active
01,FAM001073,GRAB369ZO,Stephanie Lee,adult,54,1964-02-21,2018-11-22,active
01,FAM001093,FRJW443PR,Paul Taylor,adult,55,1963-03-28,2018-11-22,active
01,FAM000755,SJYH776ZW,Matthew Clark,adult,60,1958-06-15,2018-11-23,active
01,FAM000154,AKBM284GV,Stephanie Clark,adult,48,1970-02-02,2018-11-24,active
01,FAM000815,RAJW528OM,Stephanie Williams,adult,57,1961-11-12,2018-11-24,active
01,FAM000816,QPKS837YV,Elizabeth Thomas,adult,47,1971-10-08,2018-11-24,active
01,FAM000079,PFBN030YV,Sarah Rodriguez,adult,64,1954-12-25,2018-11-25,active
01,FAM000211,NPLO036YY,Nicole Thompson,adult,31,1987-07-09,2018-11-25,active
01,FAM000744,ZUPB668EP,Donald Jackson,adult,58,1960-10-05,2018-11-25,active
01,FAM000904,YGRB842JN,James Sanchez,adult,36,1982-08-20,2018-11-25,active
01,FAM000689,ZWIO216NY,Deborah Jackson,adult,48,1970-09-23,2018-11-26,active
01,FAM000915,BOIX095HL,Dorothy Anderson,adult,39,1979-03-27,2018-11-26,active
01,FAM000953,HDDY691VQ,Michael Garcia,adult,40,1978-03-12,2018-11-28,active
01,FAM000221,XBFG069BI,Steven Hernandez,adult,59,1959-05-18,2018-11-29,active
01,FAM000618,GZLE936JN,Betty Jones,adult,29,1989-10-21,2018-11-29,active
01,FAM000091,QUNN238IR,Lisa Wilson,adult,51,1967-07-03,2018-11-30,active
01,FAM000113,BHMY117KX,Sandra Jackson,adult,65,1953-05-14,2018-11-30,active
01,FAM000770,CBXY423ID,Ashley Garcia,adult,53,1965-07-06,2018-11-30,active
01,FAM000276,KFJO358FM,Elizabeth Hernandez,adult,41,1977-08-11,2018-12-01,active
01,FAM000314,AXZW765IR,William Williams,adult,62,1956-03-13,2018-12-01,active
01,FAM000683,CHWX853IQ,James Clark,adult,47,1971-09-05,2018-12-01,active
01,FAM000361,XFGL113UW,Lisa Wilson,adult,27,1991-10-28,2018-12-02,active
01,FAM000173,SWNP621EQ,Nicole Taylor,adult,59,1959-02-07,2018-12-03,active
01,FAM000903,CFJU628IC,Amanda Williams,adult,40,1978-10-03,2018-12-03,active
01,FAM000480,SEIE410NT,Robert Perez,adult,31,1987-02-08,2018-12-04,active
01,FAM001086,RIFW659LO,Nicole Garcia,adult,65,1953-12-12,2018-12-04,active
01,FAM000454,ATUH165YD,Amanda Thomas,adult,35,1983-02-06,2018-12-05,active
01,FAM000471,SLNK795KZ,Christopher Martinez,adult,34,1984-07-01,2018-12-06,active
01,FAM000624,EERA053FP,Paul Perez,adult,65,1953-09-09,2018-12-06,active
01,FAM000892,OYNO829JV,Donald Perez,adult,56,1962-11-06,2018-12-06,active
01,FAM000147,GOYT102WP,Donald Jackson,adult,32,1986-04-21,2018-12-07,active
01,FAM000729,AYXA055OV,Anthony Sanchez,adult,46,1972-04-19,2018-12-07,active
01,FAM000835,VSTX219SQ,William Johnson,adult,40,1978-03-08,2018-12-07,active
01,FAM000996,RJRV821QT,Donald Martin,adult,65,1953-05-04,2018-12-07,active
01,FAM000535,PDQK074OR,Matthew Miller,adult,27,1991-10-22,2018-12-08,active
01,FAM000834,MCCL535YM,Donald Miller,adult,50,1968-04-02,2018-12-08,active
01,FAM001022,LYLJ268OR,Robert Clark,adult,63,1955-07-07,2018-12-08,active
01,FAM000813,WXEW941SG,William Jackson,adult,45,1973-05-25,2018-12-09,active
01,FAM000153,MYOV296DV,Michael Rodriguez,adult,29,1989-02-05,2018-12-10,active
01,FAM000343,BIGQ588GQ,Donald Smith,adult,46,1972-06-21,2018-12-10,active
01,FAM000162,VTXH155HE,Helen Smith,adult,49,1969-01-13,2018-12-11,active
01,FAM000215,MRCU811UD,Anthony Thomas,adult,50,1968-09-13,2018-12-11,active
01,FAM000517,NDZZ448EC,William Davis,adult,42,1976-06-04,2018-12-11,active
01,FAM000667,UXLL528VA,Sandra Hernandez,adult,49,1969-04-20,2018-12-11,active
01,FAM000762,HOVN422UE,James Davis,adult,59,1959-12-06,2018-12-11,active
01,FAM000749,MAFQ713DT,Lisa Anderson,adult,33,1985-07-10,2018-12-12,active
01,FAM000262,DPMK074EA,Paul Moore,adult,49,1969-08-01,2018-12-13,active
01,FAM000271,GRNL540HW,Michael Anderson,adult,41,1977-10-08,2018-12-13,active
01,FAM000399,GSSD487DC,Deborah Lee,adult,63,1955-09-22,2018-12-13,active
01,FAM000137,DIIW209JV,Nicole Martinez,adult,40,1978-10-17,2018-12-14,active
01,FAM000350,HEPZ849LQ,Jane Sanchez,adult,47,1971-05-08,2018-12-14,active
01,FAM000811,QUAQ749UH,Helen Gonzalez,adult,42,1976-12-21,2018-12-15,active
01,FAM001079,HFBU166LB,Dorothy Davis,adult,62,1956-10-11,2018-12-15,active
01,FAM001080,CZED061QQ,Ashley Wilson,adult,57,1961-05-23,2018-12-15,active
01,FAM000038,MRQJ250GI,Lisa Moore,adult,40,1978-03-17,2018-12-16,active
01,FAM000319,LYDM184JZ,Anthony Martinez,adult,56,1962-08-05,2018-12-16,active
01,FAM000781,JVBQ731PX,James Lewis,adult,31,1987-05-14,2018-12-16,active
01,FAM000919,XKHA253HC,James Robinson,adult,61,1957-05-23,2018-12-16,active
01,FAM001083,NIEB949JP,Ashley Jackson,adult,27,1991-09-24,2018-12-16,active
01,FAM000081,HAMS228GY,Ashley Johnson,adult,58,1960-12-21,2018-12-17,active
01,FAM000337,LMXQ059VA,Robert Hernandez,adult,58,1960-07-15,2018-12-17,active
01,FAM001047,CDZE143GW,Paul Robinson,adult,53,1965-06-21,2018-12-17,active
01,FAM000272,JHPB564YX,Jane Lewis,adult,37,1981-07-22,2018-12-18,active
01,FAM000008,ZIUF741PJ,Sandra Miller,adult,43,1975-09-10,2018-12-19,active
01,FAM000439,IZUF467ZR,Daniel Sanchez,adult,55,1963-04-25,2018-12-19,active
01,FAM000634,IOWQ652BC,Robert Robinson,adult,28,1990-10-09,2018-12-19,active
01,FAM001000,PNBG397QB,Ashley Davis,adult,63,1955-03-01,2018-12-19,active
01,FAM000182,MZZX669VZ,Stephanie Taylor,adult,28,1990-12-13,2018-12-21,active
01,FAM000269,MFVU567ZG,Sandra Taylor,adult,59,1959-05-06,2018-12-21,active
01,FAM000990,IJAI186BO,Jane Thompson,adult,45,1973-11-03,2018-12-21,active
01,FAM000352,VMCE919JH,William Miller,adult,58,1960-01-15,2018-12-22,active
01,FAM000384,EURS243SH,Michael Martin,adult,39,1979-06-09,2018-12-22,active
01,FAM000776,TOQI033RH,Nicole Smith,adult,65,1953-04-07,2018-12-22,active
01,FAM000908,QGVQ845VG,William Jackson,adult,57,1961-03-17,2018-12-22,active
01,FAM000446,ZCHE708VN,Daniel Anderson,adult,39,1979-06-26,2018-12-23,active
01,FAM000686,AJDL831GJ,Daniel Miller,adult,48,1970-04-04,2018-12-23,active
01,FAM000426,OMTD095KF,Andrew Garcia,adult,43,1975-03-09,2018-12-24,active
01,FAM000701,GHGG803AB,Nicole Wilson,adult,60,1958-10-02,2018-12-24,active
01,FAM000318,XIDR316SP,Christopher Thompson,adult,37,1981-10-03,2018-12-25,active
01,FAM000502,FXAA621BT,James Lewis,adult,55,1963-12-24,2018-12-26,active
01,FAM000587,MIZR128MR,Jennifer Martinez,adult,65,1953-08-16,2018-12-26,active
01,FAM000817,XGEI136LC,Matthew Miller,adult,60,1958-07-28,2018-12-26,active
01,FAM000237,AYUH129QF,Sandra Martinez,adult,46,1972-01-07,2018-12-27,active
01,FAM000605,TCAZ220CX,Deborah Williams,adult,57,1961-08-19,2018-12-27,active
01,FAM000968,TRGC973CW,Mark Perez,adult,42,1976-06-24,2018-12-27,active
01,FAM000040,XJBL866PN,Daniel Moore,adult,51,1967-05-14,2018-12-28,active
01,FAM000044,WHCO175IE,John Gonzalez,adult,48,1970-03-18,2018-12-28,active
01,FAM000760,VBWA553AX,William Thomas,adult,25,1993-10-06,2018-12-28,active
01,FAM000801,EDZH433MT,James Smith,adult,52,1966-09-04,2018-12-28,active
01,FAM001056,GAFB041RB,Sarah Lee,adult,48,1970-08-01,2018-12-28,active
01,FAM000161,YBJM952NL,Matthew Williams,adult,29,1989-06-15,2018-12-29,active
01,FAM000931,GSVD131TT,Helen Martinez,adult,28,1990-10-04,2018-12-29,active
01,FAM001053,WPUK034HY,James Thomas,adult,36,1982-07-04,2018-12-29,active
01,FAM000369,GSBY500EO,Christopher Wilson,adult,35,1983-02-19,2018-12-30,active
01,FAM000557,GFEH330QN,Deborah Hernandez,adult,30,1988-04-12,2018-12-30,active
01,FAM000918,CTPV718NE,Anthony Ramirez,adult,64,1954-12-18,2018-12-30,active
01,FAM000482,FXIB921LV,Nicole Sanchez,adult,27,1991-03-17,2018-12-31,active
01,FAM000516,OTKV375CN,Deborah Robinson,adult,64,1954-10-22,2018-12-31,active
01,FAM000809,LMOC656BZ,Elizabeth Lewis,adult,32,1986-06-23,2018-12-31,active
01,FAM000866,EFTL144YQ,Anthony Clark,adult,61,1957-12-20,2018-12-31,active
